attempt,verdict,pred,conf,sha256,confirmed_file,failed_file
1,captcha_ok,OXF2,0.9835,251552bed39a481c,OXF2_0001.jpg,
2,captcha_wrong,8I5,0.9037,790bcd28f36ad56b,,fail_0002.jpg
3,captcha_ok,4OLR,0.997,e2d4d507ed43a9ed,4OLR_0003.jpg,
4,captcha_ok,531C,0.9705,5155cfb25dafe4e9,531C_0004.jpg,
5,captcha_ok,JPSS,0.9999,15bbc2aad6aba606,JPSS_0005.jpg,
6,captcha_ok,CF5J,0.9646,cd80adf3ddceb752,CF5J_0006.jpg,
7,captcha_ok,GQ7S,0.9885,4cd90c60a6e4db2f,GQ7S_0007.jpg,
8,captcha_ok,GZVY,0.9989,2657c38063aa4cf7,GZVY_0008.jpg,
9,captcha_ok,E2YB,0.9987,8aea283b697db355,E2YB_0009.jpg,
10,captcha_ok,P4EE,0.9999,90639d93dbfd9de4,P4EE_0010.jpg,
11,captcha_ok,D92L,0.9996,22ab0a5deff093a5,D92L_0011.jpg,
12,captcha_ok,9HQT,0.9533,3ec490f26c9038c6,9HQT_0012.jpg,
13,captcha_ok,3049,0.9977,e4714eb23ac06c35,3049_0013.jpg,
14,captcha_ok,34NM,0.999,9af7ff14e932257c,34NM_0014.jpg,
15,captcha_ok,KBSS,0.997,f9c81da06cec54df,KBSS_0015.jpg,
16,captcha_wrong,DA3F,0.8083,5643c5ba112f4f7f,,fail_0016.jpg
17,captcha_ok,CK5T,0.996,2e67f068c52e38f9,CK5T_0017.jpg,
18,captcha_ok,1R5P,0.9879,60f6a18f2824b6db,1R5P_0018.jpg,
19,captcha_ok,FX6Z,0.9968,c5ef08ba7eb68dd6,FX6Z_0019.jpg,
20,captcha_ok,PBRM,0.9996,57c4a9ac88af2518,PBRM_0020.jpg,
21,captcha_ok,RAXD,0.9676,3e64fc6e91cbcbd5,RAXD_0021.jpg,
22,captcha_ok,06PF,0.9971,e964999909957559,06PF_0022.jpg,
23,captcha_ok,RUFR,0.9996,c330006dd92d359f,RUFR_0023.jpg,
24,captcha_ok,KQYL,0.9902,ccabb57e630100e0,KQYL_0024.jpg,
25,captcha_ok,S68J,0.8877,8a21afa8a9077fe4,S68J_0025.jpg,
26,captcha_ok,5QCQ,0.9807,6d453853a2e1ca17,5QCQ_0026.jpg,
27,captcha_ok,9UGF,0.9964,fb40236f0f84f93c,9UGF_0027.jpg,
28,captcha_ok,G5DR,0.9998,851ae8ee7470fa38,G5DR_0028.jpg,
29,captcha_ok,F53G,0.9997,79c9505760d0b293,F53G_0029.jpg,
30,captcha_ok,8IRU,0.9828,b199046675372367,8IRU_0030.jpg,
31,captcha_ok,AGB7,0.9901,3b1059fbfc17da54,AGB7_0031.jpg,
32,captcha_ok,SFEG,0.9216,be18b04d207ca769,SFEG_0032.jpg,
33,captcha_ok,VW4M,0.8593,7213e0f91ed29cd0,VW4M_0033.jpg,
34,captcha_ok,1DP1,0.9664,c830bcc2e4d915ec,1DP1_0034.jpg,
35,captcha_ok,WHX7,0.9106,d0156c5476579703,WHX7_0035.jpg,
36,captcha_ok,F1S8,0.9962,b1f3f39a0bb79996,F1S8_0036.jpg,
37,captcha_ok,9VNQ,0.9771,53f202fabc48ca08,9VNQ_0037.jpg,
38,captcha_wrong,FM2,0.9807,de05e39e8f4fa122,,fail_0038.jpg
39,captcha_ok,91H9,0.998,ebc8e10b1f239578,91H9_0039.jpg,
40,captcha_ok,17W7,0.8529,c400cfc29cd965f9,17W7_0040.jpg,
41,captcha_ok,QHYK,0.982,f45d788a8c3cef3e,QHYK_0041.jpg,
42,captcha_ok,R37Z,0.9999,b7c579bdca6a6410,R37Z_0042.jpg,
43,captcha_wrong,9XML,0.9012,adc054a48c1929c6,,fail_0043.jpg
44,captcha_ok,OY0R,0.9925,997c555b343fab42,OY0R_0044.jpg,
45,captcha_ok,HIPF,0.9926,46f913420591876c,HIPF_0045.jpg,
46,captcha_ok,YF96,0.8945,9b206fe994934f28,YF96_0046.jpg,
47,captcha_wrong,0HWI,0.7957,68d64c5d70bd357f,,fail_0047.jpg
48,captcha_ok,G4A1,0.9277,0b9d410fd2811f45,G4A1_0048.jpg,
49,captcha_ok,T9Q6,0.9953,4a0f27db26912072,T9Q6_0049.jpg,
50,captcha_ok,OQTA,0.887,91386749dd54051d,OQTA_0050.jpg,
51,captcha_ok,6NPE,0.9996,c64bfa7882cf8f9a,6NPE_0051.jpg,
52,captcha_ok,LWKA,0.9855,1cb2868e1fff7c88,LWKA_0052.jpg,
53,captcha_ok,A94C,0.9999,bbaac300d3b531a2,A94C_0053.jpg,
54,captcha_wrong,ZNQQ,0.9743,cd500ac37d3cb738,,fail_0054.jpg
55,captcha_ok,F9H1,0.9997,981218763edaf0da,F9H1_0055.jpg,
56,captcha_wrong,W5SC,0.8566,ce39b8e8b618b8aa,,fail_0056.jpg
57,captcha_ok,4ZYQ,0.99,0755d0c73eda28fb,4ZYQ_0057.jpg,
58,captcha_ok,5I3G,0.8837,dbbae3728919e52b,5I3G_0058.jpg,
59,captcha_ok,FPKS,0.9994,1dc50febeeb1f883,FPKS_0059.jpg,
60,captcha_ok,OPX6,0.9844,ce41df9345e40b99,OPX6_0060.jpg,
61,captcha_ok,SWFV,0.9929,df2ce1c85f93f22e,SWFV_0061.jpg,
62,captcha_ok,CSE7,0.9975,1609813864ce6810,CSE7_0062.jpg,
63,captcha_ok,2JG3,0.9668,c656833720e29852,2JG3_0063.jpg,
64,captcha_ok,NVOB,0.9979,8ea4a2830dcf078c,NVOB_0064.jpg,
65,captcha_ok,XO52,0.9925,b3b5bba8b6d369f6,XO52_0065.jpg,
66,captcha_ok,MZCC,0.9958,fb28d89ce5095b9d,MZCC_0066.jpg,
67,captcha_ok,F8PI,0.9969,a6f8a14c50a67cfc,F8PI_0067.jpg,
68,captcha_ok,ON7D,0.9719,6ac3b0c4988e2b4e,ON7D_0068.jpg,
69,captcha_ok,J0EG,0.9513,5b0e81c5a54de8f5,J0EG_0069.jpg,
70,captcha_ok,DMF2,0.9993,d48e6ea1318c7390,DMF2_0070.jpg,
71,captcha_ok,2VBK,0.9998,5706cf372758169b,2VBK_0071.jpg,
72,captcha_ok,05GY,0.9834,c62e52c935a5e9c5,05GY_0072.jpg,
73,captcha_ok,1U7N,0.9914,9fa604532964e466,1U7N_0073.jpg,
74,captcha_ok,A29R,0.9999,8a78ab2d4f92c1e1,A29R_0074.jpg,
75,captcha_ok,RQ7N,0.9982,b5a9ae48921af3ab,RQ7N_0075.jpg,
76,captcha_ok,QM9L,0.9762,bcb6ee544fdb87e1,QM9L_0076.jpg,
77,captcha_wrong,I1KG,0.8209,dd399aa0fca29aa7,,fail_0077.jpg
78,captcha_ok,QSME,0.9372,6f16c36f69b38257,QSME_0078.jpg,
79,captcha_ok,EBPL,0.9993,23b68c56b976a15f,EBPL_0079.jpg,
80,captcha_ok,NDWV,0.9656,f2f659a3a57a0aa9,NDWV_0080.jpg,
81,captcha_ok,MLNP,0.8734,a399b4a46dbfb2d7,MLNP_0081.jpg,
82,captcha_ok,OMEU,0.9908,bf34d1404b976743,OMEU_0082.jpg,
83,captcha_wrong,M4R1U,0.9375,a69dd0fcd387ca2f,,fail_0083.jpg
84,captcha_ok,YXRY,0.9957,e713f28f5ec66406,YXRY_0084.jpg,
85,captcha_ok,XFAG,0.9978,cef93f544ffc34b8,XFAG_0085.jpg,
86,captcha_ok,U5DR,0.9998,a200ec6663afb64e,U5DR_0086.jpg,
87,captcha_ok,A3T4,0.9994,cd71d474e20c8490,A3T4_0087.jpg,
88,captcha_wrong,JMWR,0.8331,922908486e821bd7,,fail_0088.jpg
89,captcha_ok,8X3S,0.9995,35b0b837075ef88b,8X3S_0089.jpg,
90,captcha_wrong,OKEL,0.9135,f1129b527a3d29fe,,fail_0090.jpg
91,captcha_ok,HNHV,0.8046,4bef81468befbcc2,HNHV_0091.jpg,
92,captcha_ok,RLAX,0.9999,605b4ea335628d9a,RLAX_0092.jpg,
93,captcha_ok,KWJK,0.882,131f22bd0017562b,KWJK_0093.jpg,
94,captcha_ok,4C2S,0.9992,f7228807b72a270d,4C2S_0094.jpg,
95,captcha_ok,Q79O,0.9157,186ab114d4046a17,Q79O_0095.jpg,
96,captcha_ok,WBXS,0.9902,ba337562d1dc6585,WBXS_0096.jpg,
97,captcha_ok,YTJ6,0.98,ebeb157c82ff23b2,YTJ6_0097.jpg,
98,captcha_ok,FSOP,0.9918,c8bd3a086a7402c2,FSOP_0098.jpg,
99,captcha_wrong,L5JF9,0.8661,d26e81352c9baede,,fail_0099.jpg
100,captcha_ok,53UW,0.9988,ab04c55eb9c30606,53UW_0100.jpg,
101,captcha_ok,YF0L,0.9972,649ee0aa247b934b,YF0L_0101.jpg,
102,captcha_ok,DMP5,0.9924,aa3e4cbff2879edd,DMP5_0102.jpg,
103,captcha_ok,YXRD,0.9924,ffbb2442b0e9cce3,YXRD_0103.jpg,
104,captcha_ok,UTN2,0.9901,f35fb0dc377d7711,UTN2_0104.jpg,
105,captcha_ok,MQBR,0.9553,20f894e85c1143ea,MQBR_0105.jpg,
106,captcha_ok,ZA5G,0.9999,50d7aa79e0e41e2e,ZA5G_0106.jpg,
107,captcha_ok,2QUG,0.9654,ad298d74f6038d15,2QUG_0107.jpg,
108,captcha_ok,TAD1,0.9839,bf6557d297e418de,TAD1_0108.jpg,
109,captcha_ok,ZQOT,0.9595,5034f53123f484dd,ZQOT_0109.jpg,
110,captcha_ok,YRT5,0.9997,fdd64a72fc38f86e,YRT5_0110.jpg,
111,captcha_ok,UPK9,0.9996,eab4daa1b5e85339,UPK9_0111.jpg,
112,captcha_ok,K9DC,0.9997,9d7ff4e7bad0cc26,K9DC_0112.jpg,
113,captcha_wrong,HG4W,0.9046,f88c5d7529a70e15,,fail_0113.jpg
114,captcha_ok,P0H8,0.9921,b8b433770ee660c7,P0H8_0114.jpg,
115,captcha_ok,HRTP,0.9976,500fad9f90f134e5,HRTP_0115.jpg,
116,captcha_ok,9NGM,0.9977,07d64f0d2e7f8077,9NGM_0116.jpg,
117,captcha_ok,E4V5,0.9978,9c734d243beac171,E4V5_0117.jpg,
118,captcha_ok,0DFR,0.907,cfedab27e9badb56,0DFR_0118.jpg,
119,captcha_ok,EDDY,0.9988,dbee1d1b2f79d9ad,EDDY_0119.jpg,
120,captcha_ok,VKNX,0.99,57295fc4d60006c9,VKNX_0120.jpg,
121,captcha_ok,IMAZ,0.955,37dcac829539316d,IMAZ_0121.jpg,
122,captcha_ok,5I9W,0.9955,1925b8c889f6985b,5I9W_0122.jpg,
123,captcha_ok,4RYU,0.9901,030238f45e0c1bf3,4RYU_0123.jpg,
124,captcha_ok,2V30,0.9655,a5a2083ac51d5687,2V30_0124.jpg,
125,captcha_ok,35NQ,0.9799,56ed4429ce5453af,35NQ_0125.jpg,
126,captcha_ok,P458,0.9998,0915d25f42560c03,P458_0126.jpg,
127,captcha_ok,FING,0.9918,87a583456ffb54c0,FING_0127.jpg,
128,captcha_ok,XZD0,0.9288,2bc72c5ecc3f8507,XZD0_0128.jpg,
129,captcha_ok,HQPG,0.9672,aa1b026a3a5e8eaa,HQPG_0129.jpg,
130,captcha_ok,DXYL,0.9997,855bed2171507496,DXYL_0130.jpg,
131,captcha_ok,NVB0,0.9675,a6fd757faf4b43b8,NVB0_0131.jpg,
132,captcha_ok,NW8N,0.9837,bc974cda54e0b083,NW8N_0132.jpg,
133,captcha_ok,YF9K,0.9997,544606c77d2bdb2a,YF9K_0133.jpg,
134,captcha_ok,2VQZ,0.9968,7bd552f991762779,2VQZ_0134.jpg,
135,captcha_wrong,MYEK,0.8573,67a77349501e17c8,,fail_0135.jpg
136,captcha_ok,9ICC,0.9897,a8d8bc5738fe7a17,9ICC_0136.jpg,
137,captcha_ok,734V,0.9513,ef3ec7f04ff20f36,734V_0137.jpg,
138,captcha_ok,SFNU,0.9973,983290710d3cecf6,SFNU_0138.jpg,
139,captcha_ok,6ZR8,0.9981,cc8437a9f27a588e,6ZR8_0139.jpg,
140,captcha_wrong,XMDF,0.9274,f67a494be21020b5,,fail_0140.jpg
141,captcha_ok,UBR3,0.9996,e8f886b1e3a69ae8,UBR3_0141.jpg,
142,captcha_ok,DRQS,0.9866,c1f901b017af2e4c,DRQS_0142.jpg,
143,captcha_ok,VFRV,0.9523,50e54c62e5d52745,VFRV_0143.jpg,
144,captcha_ok,MYA6,0.9532,e59761e74578ed57,MYA6_0144.jpg,
145,captcha_wrong,S9IL,0.8832,6f37d6fdd6aec0b6,,fail_0145.jpg
146,captcha_ok,ASS7,0.9994,1a764dba0b575a90,ASS7_0146.jpg,
147,captcha_wrong,XEW,0.9992,5e39b5530d20dc55,,fail_0147.jpg
148,captcha_ok,37QE,0.9817,3967a8ec6c1a13af,37QE_0148.jpg,
149,captcha_ok,HBO5,0.9963,d6833bdd4afc00c2,HBO5_0149.jpg,
150,captcha_ok,PGTJ,0.984,f490a94b951ba8ee,PGTJ_0150.jpg,
151,captcha_ok,HSHC,0.9992,a9bb80f5a59924ef,HSHC_0151.jpg,
152,captcha_ok,DVKG,0.9833,c93f8227153374bf,DVKG_0152.jpg,
153,captcha_ok,RK8N,0.9947,a179e1228835e452,RK8N_0153.jpg,
154,captcha_ok,NZTI,0.923,decdd01e911fcbd6,NZTI_0154.jpg,
155,captcha_ok,D5QE,0.9995,83c080d608fdef32,D5QE_0155.jpg,
156,captcha_ok,OUDH,0.9846,656d5fc4eb61eb98,OUDH_0156.jpg,
157,captcha_ok,T9DD,0.9997,b28cb8af3893e840,T9DD_0157.jpg,
158,captcha_ok,3XDB,0.9964,f564ca61f87c08a9,3XDB_0158.jpg,
159,captcha_ok,YRRH,0.9144,731ad6c1fe5adb7d,YRRH_0159.jpg,
160,captcha_ok,JIMS,0.99,44c1ccf0903a0338,JIMS_0160.jpg,
161,captcha_ok,ZI7N,0.9791,c2830b795707fbbc,ZI7N_0161.jpg,
162,captcha_ok,11O3,0.9142,27baf8470c53be3a,11O3_0162.jpg,
163,captcha_ok,9WHS,0.9421,77bb94d86ebcb3e0,9WHS_0163.jpg,
164,captcha_ok,90G5,0.9946,dfbb0783ed871fcf,90G5_0164.jpg,
165,captcha_ok,TOUY,0.8775,38ec5939afef3b7e,TOUY_0165.jpg,
166,captcha_ok,BV5A,0.9993,a4eb5a615a27518d,BV5A_0166.jpg,
167,captcha_ok,0HAD,0.9956,f0cd75f9843e38fa,0HAD_0167.jpg,
168,captcha_wrong,Q2I9,0.9422,0154c6a1c36d2c9e,,fail_0168.jpg
169,captcha_ok,74EX,0.9997,7a99412187a6185b,74EX_0169.jpg,
170,captcha_ok,JFVX,0.9688,06bfeea96f100fc9,JFVX_0170.jpg,
171,captcha_ok,WU59,0.938,f33091b7da8fd334,WU59_0171.jpg,
172,captcha_ok,OVRG,0.8685,3e1d0f987eda2946,OVRG_0172.jpg,
173,captcha_ok,IQQ5,0.8182,75fae88911f926de,IQQ5_0173.jpg,
174,captcha_ok,G5M3,0.9984,f5aac0561e710447,G5M3_0174.jpg,
175,captcha_ok,XERM,0.9994,7ef88c366389d954,XERM_0175.jpg,
176,captcha_ok,9H0V,0.9454,b65db5f60af638cf,9H0V_0176.jpg,
177,captcha_ok,YL8W,0.9997,7bfe0e4c6dba3bf8,YL8W_0177.jpg,
178,captcha_ok,E3CX,0.9996,b7a4ec5dbcfc65db,E3CX_0178.jpg,
179,captcha_ok,68D9,0.9996,6de41d08bd0b52e8,68D9_0179.jpg,
180,captcha_ok,UY66,0.9987,2feadd0c3ebbb303,UY66_0180.jpg,
181,captcha_ok,KULT,0.9996,170fbee3a6f4e170,KULT_0181.jpg,
182,captcha_wrong,F5MA,0.8228,cb062130e5a7d1e3,,fail_0182.jpg
183,captcha_ok,9AHZ,0.9897,a5b39a00bcb01a68,9AHZ_0183.jpg,
184,captcha_ok,YHK2,0.9993,eb83dd6ee150fdae,YHK2_0184.jpg,
185,captcha_ok,3F97,0.993,19b3328253e181c7,3F97_0185.jpg,
186,captcha_ok,TS2E,0.9997,316c31a82a6192b9,TS2E_0186.jpg,
187,captcha_ok,22D2,0.9999,2620f2c2e74f7725,22D2_0187.jpg,
188,captcha_ok,Z4QC,0.9923,b2a5888984b9c49d,Z4QC_0188.jpg,
189,captcha_wrong,10FY,0.6992,f9eb2481bf893d3d,,fail_0189.jpg
190,captcha_ok,6R57,0.9994,e26ea23b0d146999,6R57_0190.jpg,
191,captcha_ok,MZUS,0.9959,2991652deffd717e,MZUS_0191.jpg,
192,captcha_ok,CFVR,0.9984,de8f19ff206aa3de,CFVR_0192.jpg,
193,captcha_ok,T56V,0.9993,802a5bd6d6ee3940,T56V_0193.jpg,
194,captcha_ok,2ELH,0.9997,13cd8630c9d60180,2ELH_0194.jpg,
195,captcha_ok,WMOF,0.9747,c4e1ff2356379fbe,WMOF_0195.jpg,
196,captcha_ok,NGOW,0.8816,40b257dc40d200ac,NGOW_0196.jpg,
197,captcha_ok,GV2N,0.9995,99e76d198ac494cd,GV2N_0197.jpg,
198,captcha_ok,2D6L,0.9997,959b2f75717cbd93,2D6L_0198.jpg,
199,captcha_ok,3IP6,0.9946,907be5544b4a4d28,3IP6_0199.jpg,
200,captcha_wrong,YHVQ,0.8142,fecdd18c00a90f7e,,fail_0200.jpg
201,captcha_ok,Q96M,0.9786,918f0593bd66da0f,Q96M_0201.jpg,
202,captcha_ok,KZKC,0.9993,de934139a2843d59,KZKC_0202.jpg,
203,captcha_ok,HLYT,0.9902,bc3b1b3c882698da,HLYT_0203.jpg,
204,captcha_ok,UX3U,0.9998,acdcc85fdb63a88a,UX3U_0204.jpg,
205,captcha_ok,08KY,0.9907,9208f1e35ab567bf,08KY_0205.jpg,
206,captcha_ok,AJ5E,0.9644,8a32d54344900cbb,AJ5E_0206.jpg,
207,captcha_ok,0HBU,0.9986,1770f85a50dfb364,0HBU_0207.jpg,
208,captcha_ok,4VT4,0.9698,54d09ff03930683c,4VT4_0208.jpg,
209,captcha_ok,UJAH,0.862,02d029f3b20b3fa0,UJAH_0209.jpg,
210,captcha_ok,CKUP,0.9868,be6024b615c54c6d,CKUP_0210.jpg,
211,captcha_ok,B1I8,0.9815,e969c77b825800cf,B1I8_0211.jpg,
212,captcha_ok,C8GA,0.9962,4638dcbec55f0e9b,C8GA_0212.jpg,
213,captcha_ok,KOQ2,0.9924,5cc627810812b8e5,KOQ2_0213.jpg,
214,captcha_ok,I8TN,0.865,b6edf8ea71db6ddc,I8TN_0214.jpg,
215,captcha_ok,Y7FH,0.9991,20f5394450566367,Y7FH_0215.jpg,
216,captcha_wrong,IXMB4,0.9146,80a09ebe48ce6eca,,fail_0216.jpg
217,captcha_wrong,CRZQ,0.9936,f14d9dd491f24c90,,fail_0217.jpg
218,captcha_ok,U826,0.9995,3c2d7fb27fa749d6,U826_0218.jpg,
219,captcha_ok,CSGS,0.9982,adf7ec3dd93c27fe,CSGS_0219.jpg,
220,captcha_ok,469D,0.9992,faee95c47a97f550,469D_0220.jpg,
221,captcha_ok,3BGB,0.9967,29e367b3f63cee7f,3BGB_0221.jpg,
222,captcha_ok,NDF2,0.9893,dde0434b3a168236,NDF2_0222.jpg,
223,captcha_ok,DSAM,0.9997,7df3aab5ce725643,DSAM_0223.jpg,
224,captcha_ok,P4JO,0.988,09f40acbf1da6e72,P4JO_0224.jpg,
225,captcha_ok,NDFI,0.9969,374368af0717713d,NDFI_0225.jpg,
226,captcha_ok,TAQ1,0.9053,a845ce88de6c2ae5,TAQ1_0226.jpg,
227,captcha_ok,UGHB,0.9986,be24b1623429c892,UGHB_0227.jpg,
228,captcha_ok,SX7J,0.9588,c4d22ef2f38e2bf9,SX7J_0228.jpg,
229,captcha_ok,O3GB,0.994,139c103c66098264,O3GB_0229.jpg,
230,captcha_ok,PF1C,0.9814,1855b9b32b32a153,PF1C_0230.jpg,
231,captcha_ok,YKWC,0.8833,64596da827f1082d,YKWC_0231.jpg,
232,captcha_ok,JIOS,0.9973,3f1d4bbdeea26426,JIOS_0232.jpg,
233,captcha_ok,FQVQ,0.8086,77dce7f0b23cc77a,FQVQ_0233.jpg,
234,captcha_wrong,JVE,0.947,3effc1a8b698ad49,,fail_0234.jpg
235,captcha_ok,NS42,0.9999,fe6ad42517573d92,NS42_0235.jpg,
236,captcha_ok,WB6T,0.895,95fcd9f963bf4ed5,WB6T_0236.jpg,
237,captcha_ok,85R0,0.9937,e7de3c709bd30563,85R0_0237.jpg,
238,captcha_wrong,N6AA,0.8395,6993ac12b6214b90,,fail_0238.jpg
239,captcha_ok,QJE8,0.8912,f5e85995cee893b6,QJE8_0239.jpg,
240,captcha_wrong,JLO,0.9137,d619821ef43c36e5,,fail_0240.jpg
241,captcha_ok,TRDX,0.986,629d914aabf6f440,TRDX_0241.jpg,
242,captcha_ok,LAZK,0.9989,de5e3c223b6b16ab,LAZK_0242.jpg,
243,captcha_ok,A7RT,0.9957,ab28432b9b278207,A7RT_0243.jpg,
244,captcha_ok,V1I0,0.9893,09e28f1f9e6f3050,V1I0_0244.jpg,
245,captcha_ok,MFV1,0.9575,01efc0034f71878b,MFV1_0245.jpg,
246,captcha_ok,D1TO,0.989,93de8d9e23e8fd09,D1TO_0246.jpg,
247,captcha_ok,VZ6D,0.9995,eb5a66edecbd2e56,VZ6D_0247.jpg,
248,captcha_ok,BCZ1,0.9856,7b7558072a996720,BCZ1_0248.jpg,
249,captcha_ok,GVG5,0.9982,e53e3e6243c54f6c,GVG5_0249.jpg,
250,captcha_ok,0I9N,0.9956,4e926be4bb3fd4f7,0I9N_0250.jpg,
251,captcha_ok,VPLS,0.9979,08418f34c9680b36,VPLS_0251.jpg,
252,captcha_ok,CPFC,0.9065,1de8961c8712a674,CPFC_0252.jpg,
253,captcha_ok,J84H,0.9996,9d0dd42667aa68f1,J84H_0253.jpg,
254,captcha_wrong,SGR6,0.8386,821ee023ebc1b47b,,fail_0254.jpg
255,captcha_ok,Y8XA,0.998,f1c4d7193f981bb1,Y8XA_0255.jpg,
256,captcha_ok,739Q,0.9996,2518008ac91c740b,739Q_0256.jpg,
257,captcha_ok,03FH,0.9991,f5525f6827c0f817,03FH_0257.jpg,
258,captcha_ok,B0I7,0.9972,0390e2770b3b8367,B0I7_0258.jpg,
259,captcha_ok,0ECJ,0.8565,fa451d6b1a75d9d1,0ECJ_0259.jpg,
260,captcha_wrong,AI7,0.9298,22e871c5e377b3be,,fail_0260.jpg
261,captcha_ok,FNYY,0.9597,b1435de933e83dde,FNYY_0261.jpg,
262,captcha_ok,NZHD,0.9979,c34da493b2ed597c,NZHD_0262.jpg,
263,captcha_ok,5VLV,0.9991,4df3b2cb669c9f27,5VLV_0263.jpg,
264,captcha_ok,FN0C,0.9963,02c4ba26308322b3,FN0C_0264.jpg,
265,captcha_ok,4DHP,0.9993,66af4a1494119d6e,4DHP_0265.jpg,
266,captcha_ok,1751,0.9779,0f1c81d5c2480f40,1751_0266.jpg,
267,captcha_wrong,1B6Q,0.803,8365d7f07fd5f864,,fail_0267.jpg
268,captcha_ok,T2OU,0.9294,aa9223b906f0a2f3,T2OU_0268.jpg,
269,captcha_ok,N2J4,0.9974,0d4b0d1c4af460bf,N2J4_0269.jpg,
270,captcha_ok,ASMM,0.9885,bf02b9dc286315cf,ASMM_0270.jpg,
271,captcha_ok,1TT3,0.9345,679bd4c93a904a44,1TT3_0271.jpg,
272,captcha_ok,OXPK,0.9978,993f43892ad54958,OXPK_0272.jpg,
273,captcha_ok,QBXG,0.9904,d8fac9f4ea7965b3,QBXG_0273.jpg,
274,captcha_ok,C6TX,0.9998,1f69a2c4f673929f,C6TX_0274.jpg,
275,captcha_ok,0NTM,0.9881,4192784c6efc7626,0NTM_0275.jpg,
276,captcha_ok,SIZZ,0.9939,b5f0d5c4bf8534d0,SIZZ_0276.jpg,
277,captcha_wrong,MF6A,0.8751,73c022986f1996b0,,fail_0277.jpg
278,captcha_ok,6KU7,0.8533,a57dbe59705a0e52,6KU7_0278.jpg,
279,captcha_ok,W9FA,0.9107,1a8a574ad96b218b,W9FA_0279.jpg,
280,captcha_wrong,8WVL,0.8668,a2d41c954ceb1b2f,,fail_0280.jpg
281,captcha_ok,J5ER,0.9954,307b1d9adfc9cb51,J5ER_0281.jpg,
282,captcha_ok,Q7WZ,0.9841,4b0cbc29e343d12e,Q7WZ_0282.jpg,
283,captcha_ok,6CVX,0.9995,3d13d586d0b710aa,6CVX_0283.jpg,
284,captcha_ok,79EV,0.9998,be4ade2dadf31e9c,79EV_0284.jpg,
285,captcha_wrong,W6BD,0.9915,1a8f079112dc94d7,,fail_0285.jpg
286,captcha_ok,JEXP,0.9967,07367ca4360957bf,JEXP_0286.jpg,
287,captcha_ok,M0GT,0.9779,146783f12dda4e4c,M0GT_0287.jpg,
288,captcha_wrong,0A9J,0.7058,b22ff8d46d1b63d4,,fail_0288.jpg
289,captcha_ok,R08W,0.992,dc5bf7c92a992e0f,R08W_0289.jpg,
290,captcha_ok,HYRU,0.9718,339a1560f35d2e59,HYRU_0290.jpg,
291,captcha_ok,FCAS,0.9991,0c815268a6d14bd7,FCAS_0291.jpg,
292,captcha_ok,A969,0.9988,c8726e411be4ff82,A969_0292.jpg,
293,captcha_ok,RLCG,0.9996,9688936eb3b1da9c,RLCG_0293.jpg,
294,captcha_ok,V6AE,0.9994,b57ec01a17cf1c72,V6AE_0294.jpg,
295,captcha_ok,YS5K,0.9966,3a31d1254e3a49d6,YS5K_0295.jpg,
296,captcha_wrong,QONX,0.8347,05d30db0f0c66d0c,,fail_0296.jpg
297,captcha_ok,MEUQ,0.9783,5c4933b31e292a93,MEUQ_0297.jpg,
298,captcha_wrong,ZKA,0.9976,c796c1f03cf739e8,,fail_0298.jpg
299,captcha_ok,L1RS,0.9911,2962c78c9f45a4dd,L1RS_0299.jpg,
300,captcha_ok,WEEC,0.9533,24d65d6468070eb8,WEEC_0300.jpg,
301,captcha_ok,XUM6,0.9931,f98a18232568978c,XUM6_0301.jpg,
302,captcha_ok,KDZZ,0.958,3adb8e66752dc2ee,KDZZ_0302.jpg,
303,captcha_ok,DTUN,0.9982,143b8d3f542d5c8b,DTUN_0303.jpg,
304,captcha_ok,KNRF,0.9994,bc38fc8b5d1ed972,KNRF_0304.jpg,
305,captcha_ok,8SPU,0.9992,e9ac053b77f97132,8SPU_0305.jpg,
306,captcha_ok,NQKO,0.8865,42796a34f6844598,NQKO_0306.jpg,
307,captcha_ok,RO78,0.9453,3094ddaac9c65e9c,RO78_0307.jpg,
308,captcha_ok,0RBG,0.9965,86318b29e0bc5dd4,0RBG_0308.jpg,
309,captcha_ok,SEHE,0.9906,c70c4f4329f9cfb0,SEHE_0309.jpg,
310,captcha_ok,32PL,0.9999,647204692102a7c5,32PL_0310.jpg,
311,captcha_wrong,WKMJ,0.8378,0f025e11392f29f1,,fail_0311.jpg
312,captcha_ok,7752,0.9997,a3fa681ed8390e8a,7752_0312.jpg,
313,captcha_ok,6ODO,0.9877,a45c3c4fc7e1a333,6ODO_0313.jpg,
314,captcha_ok,T4F1,0.9993,1111415ff6f3c11a,T4F1_0314.jpg,
315,captcha_wrong,70E,0.9879,3bd0cb301edb2aaf,,fail_0315.jpg
316,captcha_ok,BDC9,0.9995,afcd157d0a973a22,BDC9_0316.jpg,
317,captcha_ok,DQPK,0.9962,cbac4a1d6cb680df,DQPK_0317.jpg,
318,captcha_ok,KC5L,0.9997,2577da06b0b385bd,KC5L_0318.jpg,
319,captcha_ok,K7C0,0.9312,631ad5ff02d2ce9e,K7C0_0319.jpg,
320,captcha_wrong,WWUY,0.8938,dee4fa63cd12245f,,fail_0320.jpg
321,captcha_ok,572Y,0.9975,fff621e3a8c79688,572Y_0321.jpg,
322,captcha_ok,DZFF,0.9997,77c7ef9559283272,DZFF_0322.jpg,
323,captcha_ok,CCXE,0.9388,718f280a2012e4a9,CCXE_0323.jpg,
324,captcha_ok,HI8G,0.9278,54e6b31289e843c6,HI8G_0324.jpg,
325,captcha_ok,0Z8W,0.9508,a25c583a9314daa5,0Z8W_0325.jpg,
326,captcha_ok,YG3D,0.9996,270b48efb276238a,YG3D_0326.jpg,
327,captcha_ok,H826,0.9844,695dd4f5ee7365dd,H826_0327.jpg,
328,captcha_wrong,JIV0,0.959,155f32e05f359ef8,,fail_0328.jpg
329,captcha_ok,JFJD,0.9978,3da7df055b031a49,JFJD_0329.jpg,
330,captcha_ok,F31C,0.9995,c839f56540b4790a,F31C_0330.jpg,
331,captcha_ok,KTM1,0.8692,af5e547980b8d6fe,KTM1_0331.jpg,
332,captcha_wrong,ZMBB,0.9834,4ccc2cb5fc5f7e9f,,fail_0332.jpg
333,captcha_ok,C8K1,0.9503,5973fd844c866a0a,C8K1_0333.jpg,
334,captcha_ok,G8EC,0.9992,d285af8c40bdb0cf,G8EC_0334.jpg,
335,captcha_ok,RZUV,0.9998,f7c02271d3361fc8,RZUV_0335.jpg,
336,captcha_wrong,O300,0.8767,0d98873d94ab971e,,fail_0336.jpg
337,captcha_ok,IVPG,0.9959,8b0d5c6f6f7fb567,IVPG_0337.jpg,
338,captcha_ok,JVSC,0.9992,3ca4d1523865df5d,JVSC_0338.jpg,
339,captcha_wrong,ISP,0.9672,7e03b9b88af38f7c,,fail_0339.jpg
340,captcha_ok,R2WT,0.9345,78eebc33a2392a61,R2WT_0340.jpg,
341,captcha_wrong,8VX,0.85,fcf96637f1e85cf7,,fail_0341.jpg
342,captcha_ok,T1I6,0.9601,65796398b7af67ea,T1I6_0342.jpg,
343,captcha_ok,8YCV,0.9996,e7460001682b7df5,8YCV_0343.jpg,
344,captcha_ok,K0Z0,0.9961,d7491474a9e86d37,K0Z0_0344.jpg,
345,captcha_ok,JVA6,0.9983,ee47bd5d79a2ca3b,JVA6_0345.jpg,
346,captcha_ok,9G0A,0.9984,11e22812952ab80c,9G0A_0346.jpg,
347,captcha_ok,C2SH,0.972,9ea1d23e6b9d76c0,C2SH_0347.jpg,
348,captcha_ok,YZ7A,0.9986,eef610150af0894d,YZ7A_0348.jpg,
349,captcha_ok,4PL2,0.9993,faceb86844893980,4PL2_0349.jpg,
350,captcha_wrong,OJQB,0.8001,6bb25566b6dee229,,fail_0350.jpg
351,captcha_ok,K5W6,0.9953,fee1c205f4dd94c5,K5W6_0351.jpg,
352,captcha_ok,3PF9,0.9995,7957937e28fcfab3,3PF9_0352.jpg,
353,captcha_wrong,HB4H,0.9656,4d89d8004f04af0a,,fail_0353.jpg
354,captcha_ok,CAGY,0.9939,1605fceb0492f920,CAGY_0354.jpg,
355,captcha_ok,IJCG,0.8212,355e436bfb4889ab,IJCG_0355.jpg,
356,captcha_ok,1LWW,0.9974,fd417637e892d1d5,1LWW_0356.jpg,
357,captcha_ok,ZJH0,0.9955,19d9527fb8eb27e4,ZJH0_0357.jpg,
358,captcha_ok,8ADV,0.9259,f565f53c8b3b5c54,8ADV_0358.jpg,
359,captcha_ok,C27U,0.9723,91c40e34cb596211,C27U_0359.jpg,
360,captcha_wrong,5W7I,0.7941,1ba8b20523159cbe,,fail_0360.jpg
361,captcha_ok,OK2D,0.9745,074e776898502c97,OK2D_0361.jpg,
362,captcha_ok,JW1X,0.733,b7471420f6b1bdd3,JW1X_0362.jpg,
363,captcha_ok,BZXL,0.9995,75995d22459319a8,BZXL_0363.jpg,
364,captcha_wrong,BMWB,0.9169,e2b217581114fd39,,fail_0364.jpg
365,captcha_wrong,18QJ,0.8003,792c7080e3caa51e,,fail_0365.jpg
366,captcha_ok,K4G1,0.9919,8963e35e1aa0285f,K4G1_0366.jpg,
367,captcha_ok,RPTI,0.8823,2f771010b5cc37c4,RPTI_0367.jpg,
368,captcha_ok,PSA0,0.9944,c860e7b85db4bb99,PSA0_0368.jpg,
369,captcha_ok,2RV7,0.9839,b2d356c773120b98,2RV7_0369.jpg,
370,captcha_ok,9JEY,0.999,c811f8b141900e60,9JEY_0370.jpg,
371,captcha_ok,LUGE,0.9975,aaed89d237928286,LUGE_0371.jpg,
372,captcha_ok,D9TU,0.9999,3571a6532ec2d322,D9TU_0372.jpg,
373,captcha_ok,AMMI,0.8267,8da6a5847d61a94b,AMMI_0373.jpg,
374,captcha_ok,QX0R,0.9606,4d91a89263bea71d,QX0R_0374.jpg,
375,captcha_ok,UXV2,0.9465,7d9d1e130778467d,UXV2_0375.jpg,
376,captcha_ok,SX9P,0.9999,bb53bdcfe164dffa,SX9P_0376.jpg,
377,captcha_ok,A9R9,0.9936,ce2e19c824856c58,A9R9_0377.jpg,
378,captcha_ok,NA8C,0.9019,57082d16d130cee3,NA8C_0378.jpg,
379,captcha_ok,3FCA,0.9994,ed97b52ec2faba8b,3FCA_0379.jpg,
380,captcha_ok,X7VL,0.9962,f4f60128ac5e566f,X7VL_0380.jpg,
381,captcha_ok,E7XT,0.9984,2680acde4df85ab8,E7XT_0381.jpg,
382,captcha_ok,FKUC,0.8849,7e66c1f49a735f52,FKUC_0382.jpg,
383,captcha_ok,0YRD,0.9963,983b363552b1b5f9,0YRD_0383.jpg,
384,captcha_ok,VSHS,0.9968,8903e39b465a903d,VSHS_0384.jpg,
385,captcha_ok,ZBC8,0.9984,b12a50dad8f1e21f,ZBC8_0385.jpg,
386,captcha_ok,DBET,0.887,25797292f2e7e1b1,DBET_0386.jpg,
387,captcha_ok,1QEQ,0.9877,6c05694edf86af96,1QEQ_0387.jpg,
388,captcha_ok,Q5NK,0.9914,87f22ef4a4d2a492,Q5NK_0388.jpg,
389,captcha_ok,F27P,0.9997,7649aff1b498f410,F27P_0389.jpg,
390,captcha_ok,XO2C,0.9985,da19fa5f4280c907,XO2C_0390.jpg,
391,captcha_ok,5EV0,0.9819,439ec8d7f3517295,5EV0_0391.jpg,
392,captcha_ok,V2BX,0.9729,98aee399dcb35653,V2BX_0392.jpg,
393,captcha_ok,5PQQ,0.9814,8c336c3f8cf23e34,5PQQ_0393.jpg,
394,captcha_ok,UNMQ,0.8493,7c7ae3549d2d2c25,UNMQ_0394.jpg,
395,captcha_ok,JSP8,0.9988,9294bc8a275850f3,JSP8_0395.jpg,
396,captcha_wrong,V6WQ,0.8536,fd115d3acf716536,,fail_0396.jpg
397,captcha_ok,TMI4,0.894,2827e5171d45f450,TMI4_0397.jpg,
398,captcha_ok,VQ2X,0.9829,873d1a8a532460dc,VQ2X_0398.jpg,
399,captcha_ok,NVX1,0.9579,331c5eb9271ff065,NVX1_0399.jpg,
400,captcha_ok,I7PD,0.9962,6e335a6dc933cf92,I7PD_0400.jpg,
401,captcha_wrong,UULP5,0.9664,2f1dad44db075555,,fail_0401.jpg
402,captcha_ok,53C0,0.9871,aa415831d3df47f0,53C0_0402.jpg,
403,captcha_ok,8J0T,0.9971,691e0ed65b91a33c,8J0T_0403.jpg,
404,captcha_ok,S42R,0.9999,6f479f8a63fc2a87,S42R_0404.jpg,
405,captcha_ok,8CIY,0.9824,36793d74d4658418,8CIY_0405.jpg,
406,captcha_ok,S2CY,0.9995,373ebb540171bc2b,S2CY_0406.jpg,
407,captcha_ok,4E27,0.8705,259f6fb0628d5440,4E27_0407.jpg,
408,captcha_ok,A7KQ,0.9987,3106c8958613f973,A7KQ_0408.jpg,
409,captcha_ok,NV3Y,0.9953,b5abad0f322293c9,NV3Y_0409.jpg,
410,captcha_ok,QYTM,0.9771,6a3216b113638df2,QYTM_0410.jpg,
411,captcha_ok,5QB1,0.9881,f40c1ff7529e97d1,5QB1_0411.jpg,
412,captcha_ok,6V08,0.9621,fb25859f98a74f54,6V08_0412.jpg,
413,captcha_ok,GHZ9,0.9582,d5474c49c04def90,GHZ9_0413.jpg,
414,captcha_wrong,QBOM,0.8939,a39e5ecbef10dba5,,fail_0414.jpg
415,captcha_ok,UPYH,0.9986,c9974ce7d9f48fc7,UPYH_0415.jpg,
416,captcha_wrong,0ZGT,0.7652,ba248b7ba0e61bc4,,fail_0416.jpg
417,captcha_ok,642W,0.9992,6308ed441fdbb5b1,642W_0417.jpg,
418,captcha_ok,ZUB0,0.9971,8e3142e7ae57ab21,ZUB0_0418.jpg,
419,captcha_ok,DMKR,0.9906,7b1201e1cca2e061,DMKR_0419.jpg,
420,captcha_ok,JDYU,0.9975,7092cf305a907f82,JDYU_0420.jpg,
421,captcha_ok,WKX7,0.9363,fbacc8fb75c2e558,WKX7_0421.jpg,
422,captcha_wrong,IBJJ2,0.8302,4a71f1d301bd5b82,,fail_0422.jpg
423,captcha_ok,2FVE,0.9996,e4b8e525f9c834dd,2FVE_0423.jpg,
424,captcha_ok,LZ10,0.9972,5c9d94afb09b7fed,LZ10_0424.jpg,
425,captcha_ok,CDUR,0.9391,1a624235206a3530,CDUR_0425.jpg,
426,captcha_wrong,N8U6,0.8642,1fdbfd0744a580e8,,fail_0426.jpg
427,captcha_ok,SS8P,0.9999,57c6c48b7a8006ce,SS8P_0427.jpg,
428,captcha_ok,OUZV,0.9913,9b9e7b9d5c9f00e6,OUZV_0428.jpg,
429,captcha_wrong,FJ4B,0.8095,1a44b626f021a3ca,,fail_0429.jpg
430,captcha_ok,XPAI,0.9965,6cba21634d631654,XPAI_0430.jpg,
431,captcha_ok,NGPK,0.999,23fcc497a049ea77,NGPK_0431.jpg,
432,captcha_ok,IHM4,0.8174,97b12633e9ffaccb,IHM4_0432.jpg,
433,captcha_ok,UYYF,0.9978,31755ce15e8a5643,UYYF_0433.jpg,
434,captcha_ok,WZZ3,0.9857,d60a8e8fc7aef157,WZZ3_0434.jpg,
435,captcha_ok,AKLT,0.9988,38a88fb925a62e67,AKLT_0435.jpg,
436,captcha_ok,74K4,0.9986,e8e236b501a5cdbc,74K4_0436.jpg,
437,captcha_wrong,AI3X,0.8935,16b24f40cf436e27,,fail_0437.jpg
438,captcha_wrong,WT11,0.7582,6cecc2db11375406,,fail_0438.jpg
439,captcha_wrong,9ZWJ,0.8128,6485129fd687acbf,,fail_0439.jpg
440,captcha_ok,C5PS,0.9987,860cd3d41f3887c9,C5PS_0440.jpg,
441,captcha_ok,QS0D,0.9019,7836757548f1538e,QS0D_0441.jpg,
442,captcha_ok,IB86,0.9015,28ad70e97769d361,IB86_0442.jpg,
443,captcha_ok,QZWF,0.9972,2b21502c2bf5f183,QZWF_0443.jpg,
444,captcha_ok,SVB5,0.9998,62394d9790666b0f,SVB5_0444.jpg,
445,captcha_ok,YJO4,0.9692,42cd926a014e3de2,YJO4_0445.jpg,
446,captcha_ok,CZ8Z,0.9979,71fea4ea59f7ec46,CZ8Z_0446.jpg,
447,captcha_ok,NJ4Y,0.9374,6bdecccbc18541ed,NJ4Y_0447.jpg,
448,captcha_ok,UNPV,0.9997,23c2c037d91503a5,UNPV_0448.jpg,
449,captcha_ok,MKK2,0.9902,a6b2f3e72ad8d940,MKK2_0449.jpg,
450,captcha_ok,6TPU,0.9949,b7621b27c66a7c42,6TPU_0450.jpg,
451,captcha_ok,FPYG,0.9987,2c34a30c60f2bcdd,FPYG_0451.jpg,
452,captcha_ok,I68Y,0.9917,4f436b0e8c87786f,I68Y_0452.jpg,
453,captcha_ok,X6AC,0.9965,b73e1474fde7075f,X6AC_0453.jpg,
454,captcha_ok,GC46,0.9992,74047b5bf7d23fa6,GC46_0454.jpg,
455,captcha_ok,YACS,0.999,4e6646dca1ee3278,YACS_0455.jpg,
456,captcha_ok,Y9YY,0.9966,04f167760e17df29,Y9YY_0456.jpg,
457,captcha_ok,2NCQ,0.9751,e175b5adfe76d08b,2NCQ_0457.jpg,
458,captcha_wrong,H06,0.9904,bc3917273ad711cd,,fail_0458.jpg
459,captcha_ok,8O61,0.9989,4755497e20c025df,8O61_0459.jpg,
460,captcha_ok,LSNX,0.9799,a18832cb0487e1b7,LSNX_0460.jpg,
461,captcha_ok,2L7R,0.9989,0b1fc5a851ecc1d0,2L7R_0461.jpg,
462,captcha_ok,VE6U,0.9969,9fa0e6f0df96fc2c,VE6U_0462.jpg,
463,captcha_ok,HT69,0.9968,4c347e3262fa2bd2,HT69_0463.jpg,
464,captcha_wrong,2WS5M,0.7502,a2ac1fb65d6d994a,,fail_0464.jpg
465,captcha_ok,J5K2,0.9997,1a1593e8e83a6907,J5K2_0465.jpg,
466,captcha_ok,YNLC,0.9832,74a8c47a16ed1754,YNLC_0466.jpg,
467,captcha_ok,V39X,0.8887,24fe6c3b53badb1c,V39X_0467.jpg,
468,captcha_ok,TTVG,0.9999,736b3a1fe320a4ac,TTVG_0468.jpg,
469,captcha_ok,3YEA,0.9608,84a699f1f2c5eb41,3YEA_0469.jpg,
470,captcha_ok,1GUA,0.8786,85ed470125ccb4e1,1GUA_0470.jpg,
471,captcha_ok,1WMG,0.9876,2e1351de778a0630,1WMG_0471.jpg,
472,captcha_ok,W5GC,0.9974,099c32132ba85f6b,W5GC_0472.jpg,
473,captcha_ok,QJOU,0.8701,be5b769d962544a3,QJOU_0473.jpg,
474,captcha_wrong,YTP,0.9979,8d30029e9e3c79fc,,fail_0474.jpg
475,captcha_ok,ZDOU,0.9968,cf244ea6988ac232,ZDOU_0475.jpg,
476,captcha_ok,3BRE,0.9998,a6a0b7ce30d1ed74,3BRE_0476.jpg,
477,captcha_ok,DIQK,0.8837,a87a3f7715c6d554,DIQK_0477.jpg,
478,captcha_ok,QAR0,0.9705,da8a7855089c6004,QAR0_0478.jpg,
479,captcha_ok,F4H9,0.9823,999a983c3ab6558d,F4H9_0479.jpg,
480,captcha_wrong,W5TWD,0.9292,a89ee3f34ffc54d3,,fail_0480.jpg
481,captcha_ok,G22V,0.9973,a5cf57388c0b3beb,G22V_0481.jpg,
482,captcha_ok,F8V2,0.9991,5506e79edae89c1b,F8V2_0482.jpg,
483,captcha_ok,VKUU,0.9009,c50289fcc8374acb,VKUU_0483.jpg,
484,captcha_ok,GLR9,0.9995,649fac6c8596f2b3,GLR9_0484.jpg,
485,captcha_ok,WD3S,0.9971,a2e81cd750b5c0a0,WD3S_0485.jpg,
486,captcha_wrong,M18,0.9981,5f66ce61ef0a487e,,fail_0486.jpg
487,captcha_ok,5PCE,0.9998,4ab6bb418208063a,5PCE_0487.jpg,
488,captcha_ok,E4SS,0.9994,3a3b002d8247e181,E4SS_0488.jpg,
489,captcha_ok,CX8O,0.9217,568e83f6f06618ab,CX8O_0489.jpg,
490,captcha_ok,2174,0.9935,a76449fd23b7ec4b,2174_0490.jpg,
491,captcha_ok,6DS7,0.9987,229af651151872f0,6DS7_0491.jpg,
492,captcha_wrong,KWXG,0.9115,a6f6b60441f7ab00,,fail_0492.jpg
493,captcha_ok,YPIL,0.9959,e0795b5820e8140b,YPIL_0493.jpg,
494,captcha_ok,6LSP,0.9979,d11bc4a55cf18f31,6LSP_0494.jpg,
495,captcha_ok,0CO4,0.9841,a0a423423e09e096,0CO4_0495.jpg,
496,captcha_ok,7SR3,0.9998,7887a0977fb28990,7SR3_0496.jpg,
497,captcha_ok,4VX2,0.9026,2afe26a1f2c4b511,4VX2_0497.jpg,
498,captcha_ok,8BBS,0.9989,ddbff583709a7567,8BBS_0498.jpg,
499,captcha_ok,O3IT,0.968,49c6ebb5132259ca,O3IT_0499.jpg,
500,captcha_wrong,WDT5,0.9176,68be137572bdd4a0,,fail_0500.jpg
