source_file,label,predicted_file,min_confidence
raw_0000.jpg,RBHS,RBHS.jpg,1.0
raw_0001.jpg,N7SW,N7SW.jpg,1.0
raw_0002.jpg,KESB,KESB.jpg,1.0
raw_0003.jpg,2DCM,2DCM.jpg,1.0
raw_0004.jpg,JVZ5,JVZ5.jpg,1.0
raw_0005.jpg,MAZM,MAZM.jpg,1.0
raw_0006.jpg,PRDX,PRDX.jpg,1.0
raw_0007.jpg,KK9U,KK9U.jpg,1.0
raw_0008.jpg,TT2E,TT2E.jpg,1.0
raw_0009.jpg,UNQG,UNQG.jpg,1.0
raw_0010.jpg,EBXV,EBXV.jpg,1.0
raw_0011.jpg,NH4V,NH4V.jpg,0.9993
raw_0012.jpg,WEKH,WEKH.jpg,1.0
raw_0013.jpg,67KE,67KE.jpg,1.0
raw_0014.jpg,SUYU,SUYU.jpg,1.0
raw_0015.jpg,EKYQ,EKYQ.jpg,1.0
raw_0016.jpg,87Q5,87Q5.jpg,1.0
raw_0017.jpg,72GH,72GH.jpg,1.0
raw_0018.jpg,XD8N,XD8N.jpg,1.0
raw_0019.jpg,UZP4,UZP4.jpg,1.0
raw_0020.jpg,7FWT,7FWT.jpg,1.0
raw_0021.jpg,WCVD,WCVD.jpg,1.0
raw_0022.jpg,87BA,87BA.jpg,1.0
raw_0023.jpg,YATY,YATY.jpg,1.0
raw_0024.jpg,UQQE,UQQE.jpg,1.0
raw_0025.jpg,HGTQ,HGTQ.jpg,1.0
raw_0026.jpg,XRBY,XRBY.jpg,1.0
raw_0027.jpg,RSMJ,RSMJ.jpg,1.0
raw_0028.jpg,A45Y,A45Y.jpg,1.0
raw_0029.jpg,PCNS,PCNS.jpg,1.0
raw_0030.jpg,MJZC,MJZC.jpg,0.9954
raw_0031.jpg,BUUC,BUUC.jpg,0.9999
raw_0032.jpg,YHAR,YHAR.jpg,1.0
raw_0033.jpg,CWWN,CWWN.jpg,0.9997
raw_0034.jpg,3UFX,3UFX.jpg,1.0
raw_0035.jpg,3SDG,3SDG.jpg,1.0
raw_0036.jpg,BAVT,BAVT.jpg,0.9998
raw_0037.jpg,Q9NA,Q9NA.jpg,1.0
raw_0038.jpg,7U4D,7U4D.jpg,1.0
raw_0039.jpg,X5ZN,X5ZN.jpg,1.0
raw_0040.jpg,8CFP,8CFP.jpg,1.0
raw_0041.jpg,BA7M,BA7M.jpg,1.0
raw_0042.jpg,WB58,WB58.jpg,0.9961
raw_0043.jpg,5ED4,5ED4.jpg,1.0
raw_0044.jpg,HZQY,HZQY.jpg,1.0
raw_0045.jpg,MN4H,MN4H.jpg,0.9783
raw_0046.jpg,XEJG,XEJG.jpg,1.0
raw_0047.jpg,4WS5,4WS5.jpg,0.9995
raw_0048.jpg,NRQA,NRQA.jpg,0.9999
raw_0049.jpg,BBBC,BBBC.jpg,1.0
raw_0050.jpg,PXSJ,PXSJ.jpg,1.0
raw_0051.jpg,S5NY,S5NY.jpg,1.0
raw_0052.jpg,MGRS,MGRS.jpg,0.9987
raw_0053.jpg,MGCW,MGCW.jpg,0.9987
raw_0054.jpg,5NUV,5NUV.jpg,1.0
raw_0055.jpg,TPKM,TPKM.jpg,1.0
raw_0056.jpg,GF7N,GF7N.jpg,1.0
raw_0057.jpg,2NYF,2NYF.jpg,1.0
raw_0058.jpg,JB3R,JB3R.jpg,1.0
raw_0059.jpg,3KSB,3KSB.jpg,1.0
raw_0060.jpg,GUKU,GUKU.jpg,1.0
raw_0061.jpg,KQMJ,KQMJ.jpg,1.0
raw_0062.jpg,VUQP,VUQP.jpg,1.0
raw_0063.jpg,XYRV,XYRV.jpg,1.0
raw_0064.jpg,SQ85,SQ85.jpg,1.0
raw_0065.jpg,ZBKV,ZBKV.jpg,1.0
raw_0066.jpg,EW2A,EW2A.jpg,1.0
raw_0067.jpg,NE3C,NE3C.jpg,1.0
raw_0068.jpg,HYPC,HYPC.jpg,1.0
raw_0069.jpg,X9XG,X9XG.jpg,1.0
raw_0070.jpg,PPDB,PPDB.jpg,1.0
raw_0071.jpg,GBGH,GBGH.jpg,1.0
raw_0072.jpg,MWZC,MWZC.jpg,0.9937
raw_0073.jpg,UCDT,UCDT.jpg,1.0
raw_0074.jpg,HSVG,HSVG.jpg,1.0
raw_0075.jpg,MNJZ,MNJZ.jpg,0.8831
raw_0076.jpg,HZY6,HZY6.jpg,1.0
raw_0077.jpg,Y5XX,Y5XX.jpg,1.0
raw_0078.jpg,3APR,3APR.jpg,1.0
raw_0079.jpg,SNVF,SNVF.jpg,1.0
raw_0080.jpg,QBYR,QBYR.jpg,1.0
raw_0081.jpg,2462,2462.jpg,1.0
raw_0082.jpg,HN9R,HN9R.jpg,1.0
raw_0083.jpg,SZMU,SZMU.jpg,0.9974
raw_0084.jpg,D9CM,D9CM.jpg,1.0
raw_0085.jpg,SWDA,SWDA.jpg,1.0
raw_0086.jpg,VKVX,VKVX.jpg,1.0
raw_0087.jpg,GZTF,GZTF.jpg,1.0
raw_0088.jpg,FWD6,FWD6.jpg,1.0
raw_0089.jpg,CUA3,CUA3.jpg,1.0
raw_0090.jpg,YK5D,YK5D.jpg,1.0
raw_0091.jpg,QPTT,QPTT.jpg,1.0
raw_0092.jpg,D8KY,D8KY.jpg,0.9996
raw_0093.jpg,ZERE,ZERE.jpg,1.0
raw_0094.jpg,PUQY,PUQY.jpg,1.0
raw_0095.jpg,5XXP,5XXP.jpg,0.9997
raw_0096.jpg,SB9V,SB9V.jpg,1.0
raw_0097.jpg,DSDC,DSDC.jpg,0.9998
raw_0098.jpg,MKKZ,MKKZ.jpg,0.9999
raw_0099.jpg,BVFR,BVFR.jpg,1.0
raw_0100.jpg,S6WY,S6WY.jpg,1.0
raw_0101.jpg,XUVN,XUVN.jpg,1.0
raw_0102.jpg,GZKM,GZKM.jpg,1.0
raw_0103.jpg,HSR5,HSR5.jpg,1.0
raw_0104.jpg,RUAY,RUAY.jpg,1.0
raw_0105.jpg,SSFZ,SSFZ.jpg,1.0
raw_0106.jpg,3VPY,3VPY.jpg,1.0
raw_0107.jpg,HJMT,HJMT.jpg,0.9999
raw_0108.jpg,B4DU,B4DU.jpg,0.9999
raw_0109.jpg,7M29,7M29.jpg,0.9992
raw_0110.jpg,TYFU,TYFU.jpg,1.0
raw_0111.jpg,PDBT,PDBT.jpg,1.0
raw_0112.jpg,ATWF,ATWF.jpg,1.0
raw_0113.jpg,AGBH,AGBH.jpg,1.0
raw_0114.jpg,TAPB,TAPB.jpg,1.0
raw_0115.jpg,PVMR,PVMR.jpg,1.0
raw_0116.jpg,TYBD,TYBD.jpg,1.0
raw_0117.jpg,XR5A,XR5A.jpg,0.9999
raw_0118.jpg,GHYV,GHYV.jpg,1.0
raw_0119.jpg,ABNU,ABNU.jpg,0.9999
raw_0120.jpg,TJR8,TJR8.jpg,1.0
raw_0121.jpg,ZSTD,ZSTD.jpg,1.0
raw_0122.jpg,C7BX,C7BX.jpg,1.0
raw_0123.jpg,5PDU,5PDU.jpg,1.0
raw_0124.jpg,6N2N,6N2N.jpg,1.0
raw_0125.jpg,4DQG,4DQG.jpg,1.0
raw_0126.jpg,6WZQ,6WZQ.jpg,1.0
raw_0127.jpg,DXBV,DXBV.jpg,1.0
raw_0128.jpg,SZXD,SZXD.jpg,1.0
raw_0129.jpg,TUXQ,TUXQ.jpg,1.0
raw_0130.jpg,SXPV,SXPV.jpg,1.0
raw_0131.jpg,ESBH,ESBH.jpg,0.9999
raw_0132.jpg,ZFRX,ZFRX.jpg,1.0
raw_0133.jpg,BYTB,BYTB.jpg,1.0
raw_0134.jpg,BGPW,BGPW.jpg,1.0
raw_0135.jpg,XSQD,XSQD.jpg,1.0
raw_0136.jpg,QH8Y,QH8Y.jpg,0.9996
raw_0137.jpg,YC6F,YC6F.jpg,1.0
raw_0138.jpg,4AQT,4AQT.jpg,1.0
raw_0139.jpg,C7CE,C7CE.jpg,1.0
raw_0140.jpg,TR5F,TR5F.jpg,1.0
raw_0141.jpg,RV68,RV68.jpg,1.0
raw_0142.jpg,6WWZ,6WWZ.jpg,1.0
raw_0143.jpg,TNV6,TNV6.jpg,0.9999
raw_0144.jpg,SDFK,SDFK.jpg,1.0
raw_0145.jpg,SN57,SN57.jpg,1.0
raw_0146.jpg,BFKP,BFKP.jpg,0.9991
raw_0147.jpg,ZRS5,ZRS5.jpg,0.9982
raw_0148.jpg,8FB7,8FB7.jpg,1.0
raw_0149.jpg,2FH7,2FH7.jpg,1.0
raw_0150.jpg,8FAV,8FAV.jpg,1.0
raw_0151.jpg,VF34,VF34.jpg,1.0
raw_0152.jpg,SXP2,SXP2.jpg,1.0
raw_0153.jpg,UJFY,UJFY.jpg,1.0
raw_0154.jpg,AWHB,AWHB.jpg,0.857
raw_0155.jpg,RUZS,RUZS.jpg,1.0
raw_0156.jpg,MFPC,MFPC.jpg,0.9736
raw_0157.jpg,ZG8Z,ZG8Z.jpg,1.0
raw_0158.jpg,7DUK,7DUK.jpg,1.0
raw_0159.jpg,JNGG,JNGG.jpg,1.0
raw_0160.jpg,QZK7,QZK7.jpg,1.0
raw_0161.jpg,PRPV,PRPV.jpg,1.0
raw_0162.jpg,R897,R897.jpg,1.0
raw_0163.jpg,WBEV,WBEV.jpg,1.0
raw_0164.jpg,9PSN,9PSN.jpg,1.0
raw_0165.jpg,HA5E,HA5E.jpg,1.0
raw_0166.jpg,TYAU,TYAU.jpg,1.0
raw_0167.jpg,YKF8,YKF8.jpg,0.9986
raw_0168.jpg,PDDU,PDDU.jpg,1.0
raw_0169.jpg,BQM8,BQM8.jpg,0.9998
raw_0170.jpg,JZUE,JZUE.jpg,1.0
raw_0171.jpg,GEJU,GEJU.jpg,1.0
raw_0172.jpg,GXZC,GXZC.jpg,1.0
raw_0173.jpg,7HAC,7HAC.jpg,1.0
raw_0174.jpg,QFNJ,QFNJ.jpg,1.0
raw_0175.jpg,T9AV,T9AV.jpg,1.0
raw_0176.jpg,AEYV,AEYV.jpg,1.0
raw_0177.jpg,QJNF,QJNF.jpg,0.9998
raw_0178.jpg,SYU5,SYU5.jpg,1.0
raw_0179.jpg,XHZU,XHZU.jpg,1.0
raw_0180.jpg,TVVD,TVVD.jpg,1.0
raw_0181.jpg,VMDB,VMDB.jpg,0.9993
raw_0182.jpg,WTDJ,WTDJ.jpg,1.0
raw_0183.jpg,RVMC,RVMC.jpg,1.0
raw_0184.jpg,SUGF,SUGF.jpg,1.0
raw_0185.jpg,QUNB,QUNB.jpg,1.0
raw_0186.jpg,DDXW,DDXW.jpg,0.9881
raw_0187.jpg,FSNX,FSNX.jpg,1.0
raw_0188.jpg,8TKA,8TKA.jpg,1.0
raw_0189.jpg,YAGG,YAGG.jpg,1.0
raw_0190.jpg,XYVR,XYVR.jpg,0.9999
raw_0191.jpg,JXKB,JXKB.jpg,1.0
raw_0192.jpg,VYFJ,VYFJ.jpg,1.0
raw_0193.jpg,5DTT,5DTT.jpg,1.0
raw_0194.jpg,3SVM,3SVM.jpg,1.0
raw_0195.jpg,NYNA,NYNA.jpg,1.0
raw_0196.jpg,VBBW,VBBW.jpg,1.0
raw_0197.jpg,PUH8,PUH8.jpg,1.0
raw_0198.jpg,N6KS,N6KS.jpg,0.9998
raw_0199.jpg,ZQZD,ZQZD.jpg,0.9993
raw_0200.jpg,PTKF,PTKF.jpg,0.9999
raw_0201.jpg,DGNS,DGNS.jpg,1.0
raw_0202.jpg,YTB3,YTB3.jpg,0.997
raw_0203.jpg,KM6X,KM6X.jpg,0.9999
raw_0204.jpg,8ZDP,8ZDP.jpg,0.9997
raw_0205.jpg,6UCQ,6UCQ.jpg,1.0
raw_0206.jpg,KQVT,KQVT.jpg,1.0
raw_0207.jpg,H9UC,H9UC.jpg,0.9976
raw_0208.jpg,BG5Y,BG5Y.jpg,1.0
raw_0209.jpg,QSHW,QSHW.jpg,1.0
raw_0210.jpg,AMRM,AMRM.jpg,0.9998
raw_0211.jpg,MKSK,MKSK.jpg,0.9924
raw_0212.jpg,AA82,AA82.jpg,1.0
raw_0213.jpg,6XWB,6XWB.jpg,1.0
raw_0214.jpg,FUC9,FUC9.jpg,1.0
raw_0215.jpg,CCM9,CCM9.jpg,1.0
raw_0216.jpg,AWQT,AWQT.jpg,0.9995
raw_0217.jpg,QUTU,QUTU.jpg,0.9995
raw_0218.jpg,QFQS,QFQS.jpg,0.9987
raw_0219.jpg,HZTX,HZTX.jpg,1.0
raw_0220.jpg,ZFWC,ZFWC.jpg,1.0
raw_0221.jpg,WPFZ,WPFZ.jpg,1.0
raw_0222.jpg,UWS4,UWS4.jpg,1.0
raw_0223.jpg,KNJV,KNJV.jpg,1.0
raw_0224.jpg,SQTP,SQTP.jpg,1.0
raw_0225.jpg,TF4N,TF4N.jpg,1.0
raw_0226.jpg,ESM7,ESM7.jpg,0.9999
raw_0227.jpg,CDQU,CDQU.jpg,0.9999
raw_0228.jpg,YXAM,YXAM.jpg,1.0
raw_0229.jpg,9CPS,9CPS.jpg,1.0
raw_0230.jpg,TXHF,TXHF.jpg,1.0
raw_0231.jpg,YUGY,YUGY.jpg,1.0
raw_0232.jpg,BQXG,BQXG.jpg,0.9999
raw_0233.jpg,B7HN,B7HN.jpg,1.0
raw_0234.jpg,HHPN,HHPN.jpg,1.0
raw_0235.jpg,Z2AX,Z2AX.jpg,1.0
raw_0236.jpg,ZJ6H,ZJ6H.jpg,1.0
raw_0237.jpg,FED8,FED8.jpg,1.0
raw_0238.jpg,R4FW,R4FW.jpg,1.0
raw_0239.jpg,ZPPV,ZPPV.jpg,1.0
raw_0240.jpg,SQ8H,SQ8H.jpg,1.0
raw_0241.jpg,EAHS,EAHS.jpg,1.0
raw_0242.jpg,ESY7,ESY7.jpg,1.0
raw_0243.jpg,KREG,KREG.jpg,1.0
raw_0244.jpg,D8TM,D8TM.jpg,1.0
raw_0245.jpg,UBBU,UBBU.jpg,1.0
raw_0246.jpg,JYME,JYME.jpg,1.0
raw_0247.jpg,BFV8,BFV8.jpg,1.0
raw_0248.jpg,RNYS,RNYS.jpg,1.0
raw_0249.jpg,UJNB,UJNB.jpg,1.0
raw_0250.jpg,VXC8,VXC8.jpg,1.0
raw_0251.jpg,P4FC,P4FC.jpg,1.0
raw_0252.jpg,ZHHT,ZHHT.jpg,1.0
raw_0253.jpg,7GZF,7GZF.jpg,1.0
raw_0254.jpg,7DSX,7DSX.jpg,1.0
raw_0255.jpg,ZCKM,ZCKM.jpg,0.9996
raw_0256.jpg,K8P6,K8P6.jpg,1.0
raw_0257.jpg,NCNY,NCNY.jpg,0.9996
raw_0258.jpg,XPEA,XPEA.jpg,1.0
raw_0259.jpg,MXA6,MXA6.jpg,0.9771
raw_0260.jpg,FJQU,FJQU.jpg,1.0
raw_0261.jpg,CT7X,CT7X.jpg,1.0
raw_0262.jpg,Z8NB,Z8NB.jpg,1.0
raw_0263.jpg,XH4D,XH4D.jpg,1.0
raw_0264.jpg,GH8Z,GH8Z.jpg,1.0
raw_0265.jpg,SNTS,SNTS.jpg,0.9998
raw_0266.jpg,GBRH,GBRH.jpg,1.0
raw_0267.jpg,PMZJ,PMZJ.jpg,1.0
raw_0268.jpg,URFY,URFY.jpg,1.0
raw_0269.jpg,M3H4,M3H4.jpg,0.7236
raw_0270.jpg,MQTA,MQTA.jpg,0.9997
raw_0271.jpg,TE2K,TE2K.jpg,1.0
raw_0272.jpg,PC3D,PC3D.jpg,1.0
raw_0273.jpg,SS2S,SS2S.jpg,1.0
raw_0274.jpg,G89A,G89A.jpg,1.0
raw_0275.jpg,A7BH,A7BH.jpg,1.0
raw_0276.jpg,BXY8,BXY8.jpg,1.0
raw_0277.jpg,XEY3,XEY3.jpg,1.0
raw_0278.jpg,ZUAA,ZUAA.jpg,1.0
raw_0279.jpg,TBUT,TBUT.jpg,1.0
raw_0280.jpg,M4QQ,M4QQ.jpg,0.9959
raw_0281.jpg,ZVDF,ZVDF.jpg,0.9999
raw_0282.jpg,KHRS,KHRS.jpg,0.9999
raw_0283.jpg,D4RB,D4RB.jpg,0.9996
raw_0284.jpg,KT5D,KT5D.jpg,1.0
raw_0285.jpg,XYNC,XYNC.jpg,1.0
raw_0286.jpg,FZQT,FZQT.jpg,1.0
raw_0287.jpg,NW9Q,NW9Q.jpg,0.9999
raw_0288.jpg,YDFB,YDFB.jpg,1.0
raw_0289.jpg,VUVU,VUVU.jpg,1.0
raw_0290.jpg,DWSS,DWSS.jpg,0.9588
raw_0291.jpg,YFRV,YFRV.jpg,1.0
raw_0292.jpg,HPM4,HPM4.jpg,0.9997
raw_0293.jpg,NGXU,NGXU.jpg,0.9989
raw_0294.jpg,R3X3,R3X3.jpg,1.0
raw_0295.jpg,ZWS3,ZWS3.jpg,1.0
raw_0296.jpg,9WVH,9WVH.jpg,1.0
raw_0297.jpg,HCFZ,HCFZ.jpg,1.0
raw_0298.jpg,AYDF,AYDF.jpg,1.0
raw_0299.jpg,FNAP,FNAP.jpg,1.0
raw_0300.jpg,RB4E,RB4E.jpg,1.0
raw_0301.jpg,MHAC,MHAC.jpg,0.9987
raw_0302.jpg,ZEZV,ZEZV.jpg,1.0
raw_0303.jpg,MQJK,MQJK.jpg,0.9894
raw_0304.jpg,B9FR,B9FR.jpg,1.0
raw_0305.jpg,FKEV,FKEV.jpg,1.0
raw_0306.jpg,SD9G,SD9G.jpg,1.0
raw_0307.jpg,UFRN,UFRN.jpg,0.9998
raw_0308.jpg,WVXD,WVXD.jpg,0.9999
raw_0309.jpg,C8BN,C8BN.jpg,1.0
raw_0310.jpg,NKWF,NKWF.jpg,1.0
raw_0311.jpg,N3BV,N3BV.jpg,1.0
raw_0312.jpg,TFZA,TFZA.jpg,1.0
raw_0313.jpg,HBUT,HBUT.jpg,1.0
raw_0314.jpg,QXSY,QXSY.jpg,0.9999
raw_0315.jpg,4DBD,4DBD.jpg,1.0
raw_0316.jpg,GGC7,GGC7.jpg,1.0
raw_0317.jpg,GJFF,GJFF.jpg,1.0
raw_0318.jpg,UBSX,UBSX.jpg,1.0
raw_0319.jpg,JTJN,JTJN.jpg,1.0
raw_0320.jpg,7XUS,7XUS.jpg,1.0
raw_0321.jpg,T68A,T68A.jpg,1.0
raw_0322.jpg,9PBF,9PBF.jpg,1.0
raw_0323.jpg,JCST,JCST.jpg,1.0
raw_0324.jpg,VMKS,VMKS.jpg,0.9995
raw_0325.jpg,XQ2F,XQ2F.jpg,1.0
raw_0326.jpg,K7H8,K7H8.jpg,1.0
raw_0327.jpg,XQ7A,XQ7A.jpg,1.0
raw_0328.jpg,KXCG,KXCG.jpg,1.0
raw_0329.jpg,YAKA,YAKA.jpg,1.0
raw_0330.jpg,5CWW,5CWW.jpg,1.0
raw_0331.jpg,5FGZ,5FGZ.jpg,1.0
raw_0332.jpg,KBHD,KBHD.jpg,1.0
raw_0333.jpg,W4MQ,W4MQ.jpg,1.0
raw_0334.jpg,F3ZD,F3ZD.jpg,1.0
raw_0335.jpg,TYUR,TYUR.jpg,1.0
raw_0336.jpg,WHV5,WHV5.jpg,1.0
raw_0337.jpg,NCUX,NCUX.jpg,0.9998
raw_0338.jpg,RUM2,RUM2.jpg,1.0
raw_0339.jpg,H44X,H44X.jpg,1.0
raw_0340.jpg,KJBQ,KJBQ.jpg,1.0
raw_0341.jpg,2FYZ,2FYZ.jpg,1.0
raw_0342.jpg,VTZ5,VTZ5.jpg,1.0
raw_0343.jpg,4XZ4,4XZ4.jpg,1.0
raw_0344.jpg,NEBB,NEBB.jpg,0.9999
raw_0345.jpg,DP9A,DP9A.jpg,0.9994
raw_0346.jpg,9VQA,9VQA.jpg,1.0
raw_0347.jpg,RQ3Q,RQ3Q.jpg,1.0
raw_0348.jpg,AUMP,AUMP.jpg,1.0
raw_0349.jpg,C5YN,C5YN.jpg,0.9998
raw_0350.jpg,MHBS,MHBS.jpg,0.9946
raw_0351.jpg,RRRX,RRRX.jpg,1.0
raw_0352.jpg,E3XK,E3XK.jpg,1.0
raw_0353.jpg,MV68,MV68.jpg,0.9971
raw_0354.jpg,RYE9,RYE9.jpg,0.9996
raw_0355.jpg,RYAW,RYAW.jpg,1.0
raw_0356.jpg,TVUN,TVUN.jpg,1.0
raw_0357.jpg,5UR8,5UR8.jpg,1.0
raw_0358.jpg,32BH,32BH.jpg,1.0
raw_0359.jpg,VQQS,VQQS.jpg,1.0
raw_0360.jpg,S8WQ,S8WQ.jpg,1.0
raw_0361.jpg,XYRN,XYRN.jpg,1.0
raw_0362.jpg,ZZGB,ZZGB.jpg,1.0
raw_0363.jpg,K8RZ,K8RZ.jpg,1.0
raw_0364.jpg,CXJK,CXJK.jpg,1.0
raw_0365.jpg,QJQW,QJQW.jpg,1.0
raw_0366.jpg,KNRD,KNRD.jpg,1.0
raw_0367.jpg,KKBQ,KKBQ.jpg,1.0
raw_0368.jpg,APHD,APHD.jpg,1.0
raw_0369.jpg,MP8B,MP8B.jpg,0.992
raw_0370.jpg,CZGS,CZGS.jpg,1.0
raw_0371.jpg,MQC9,MQC9.jpg,0.9999
raw_0372.jpg,TXGU,TXGU.jpg,1.0
raw_0373.jpg,WQ8K,WQ8K.jpg,0.9996
raw_0374.jpg,CCCN,CCCN.jpg,1.0
raw_0375.jpg,9UQP,9UQP.jpg,1.0
raw_0376.jpg,Y6UH,Y6UH.jpg,1.0
raw_0377.jpg,HYY2,HYY2.jpg,1.0
raw_0378.jpg,TVPZ,TVPZ.jpg,1.0
raw_0379.jpg,PZRT,PZRT.jpg,1.0
raw_0380.jpg,ZCTF,ZCTF.jpg,1.0
raw_0381.jpg,B6YU,B6YU.jpg,1.0
raw_0382.jpg,YZSN,YZSN.jpg,1.0
raw_0383.jpg,AZES,AZES.jpg,1.0
raw_0384.jpg,7KMX,7KMX.jpg,1.0
raw_0385.jpg,QWHU,QWHU.jpg,0.9993
raw_0386.jpg,VGNU,VGNU.jpg,1.0
raw_0387.jpg,HJMN,HJMN.jpg,1.0
raw_0388.jpg,CYUS,CYUS.jpg,1.0
raw_0389.jpg,H2HJ,H2HJ.jpg,1.0
raw_0390.jpg,GAGW,GAGW.jpg,1.0
raw_0391.jpg,NVAC,NVAC.jpg,1.0
raw_0392.jpg,YDWT,YDWT.jpg,1.0
raw_0393.jpg,S3SV,S3SV.jpg,1.0
raw_0394.jpg,Z8RE,Z8RE.jpg,1.0
raw_0395.jpg,UASV,UASV.jpg,1.0
raw_0396.jpg,NFBK,NFBK.jpg,1.0
raw_0397.jpg,MMEA,MMEA.jpg,0.9964
raw_0398.jpg,QCXY,QCXY.jpg,1.0
raw_0399.jpg,WDMP,WDMP.jpg,0.9998
raw_0400.jpg,PU3W,PU3W.jpg,1.0
raw_0401.jpg,DF7J,DF7J.jpg,1.0
raw_0402.jpg,T8KD,T8KD.jpg,0.9999
raw_0403.jpg,XHUT,XHUT.jpg,1.0
raw_0404.jpg,VAK4,VAK4.jpg,1.0
raw_0405.jpg,W2YQ,W2YQ.jpg,1.0
raw_0406.jpg,GMQX,GMQX.jpg,0.9993
raw_0407.jpg,7TN9,7TN9.jpg,1.0
raw_0408.jpg,VUKZ,VUKZ.jpg,1.0
raw_0409.jpg,QSKA,QSKA.jpg,1.0
raw_0410.jpg,B8CK,B8CK.jpg,1.0
raw_0411.jpg,MFW3,MFW3.jpg,0.9991
raw_0412.jpg,W6UC,W6UC.jpg,1.0
raw_0413.jpg,2SQZ,2SQZ.jpg,1.0
raw_0414.jpg,WTDH,WTDH.jpg,0.9981
raw_0415.jpg,GYFC,GYFC.jpg,1.0
raw_0416.jpg,CZER,CZER.jpg,1.0
raw_0417.jpg,UUDQ,UUDQ.jpg,0.9859
raw_0418.jpg,N92Z,N92Z.jpg,1.0
raw_0419.jpg,WHBN,WHBN.jpg,1.0
raw_0420.jpg,56Q6,56Q6.jpg,1.0
raw_0421.jpg,KMTD,KMTD.jpg,0.9986
raw_0422.jpg,7KMS,7KMS.jpg,0.9987
raw_0423.jpg,UYVM,UYVM.jpg,1.0
raw_0424.jpg,AJPX,AJPX.jpg,1.0
raw_0425.jpg,CRUZ,CRUZ.jpg,0.9995
raw_0426.jpg,UBBV,UBBV.jpg,1.0
raw_0427.jpg,5ZZR,5ZZR.jpg,1.0
raw_0428.jpg,UQQ9,UQQ9.jpg,1.0
raw_0429.jpg,HGTQ,HGTQ_2.jpg,1.0
raw_0430.jpg,NABP,NABP.jpg,0.9905
raw_0431.jpg,UFGZ,UFGZ.jpg,1.0
raw_0432.jpg,HXQM,HXQM.jpg,0.9999
raw_0433.jpg,5YFV,5YFV.jpg,1.0
raw_0434.jpg,ZGFK,ZGFK.jpg,1.0
raw_0435.jpg,HSCT,HSCT.jpg,1.0
raw_0436.jpg,EHCR,EHCR.jpg,0.8489
raw_0437.jpg,KPGQ,KPGQ.jpg,1.0
raw_0438.jpg,GCCX,GCCX.jpg,1.0
raw_0439.jpg,2KZY,2KZY.jpg,1.0
raw_0440.jpg,HEQN,HEQN.jpg,1.0
raw_0441.jpg,7DDE,7DDE.jpg,0.9999
raw_0442.jpg,M7XZ,M7XZ.jpg,0.9575
raw_0443.jpg,32KV,32KV.jpg,1.0
raw_0444.jpg,TXMD,TXMD.jpg,1.0
raw_0445.jpg,STSG,STSG.jpg,1.0
raw_0446.jpg,QKC4,QKC4.jpg,0.9999
raw_0447.jpg,ZKHV,ZKHV.jpg,1.0
raw_0448.jpg,UW8P,UW8P.jpg,1.0
raw_0449.jpg,ACCE,ACCE.jpg,1.0
raw_0450.jpg,AZGY,AZGY.jpg,1.0
raw_0451.jpg,5APP,5APP.jpg,1.0
raw_0452.jpg,8GGD,8GGD.jpg,1.0
raw_0453.jpg,NGNF,NGNF.jpg,1.0
raw_0454.jpg,TMCW,TMCW.jpg,0.9996
raw_0455.jpg,UXMP,UXMP.jpg,1.0
raw_0456.jpg,PZBW,PZBW.jpg,1.0
raw_0457.jpg,SPKB,SPKB.jpg,1.0
raw_0458.jpg,65P2,65P2.jpg,1.0
raw_0459.jpg,AYH4,AYH4.jpg,1.0
raw_0460.jpg,BUDA,BUDA.jpg,1.0
raw_0461.jpg,ZYRX,ZYRX.jpg,1.0
raw_0462.jpg,XDQY,XDQY.jpg,1.0
raw_0463.jpg,U5AC,U5AC.jpg,1.0
raw_0464.jpg,KPJH,KPJH.jpg,1.0
raw_0465.jpg,YEWF,YEWF.jpg,0.9999
raw_0466.jpg,GBBQ,GBBQ.jpg,1.0
raw_0467.jpg,6U7T,6U7T.jpg,1.0
raw_0468.jpg,RZUS,RZUS.jpg,0.9999
raw_0469.jpg,DSNX,DSNX.jpg,0.9979
raw_0470.jpg,BVKV,BVKV.jpg,1.0
raw_0471.jpg,2JJ8,2JJ8.jpg,1.0
raw_0472.jpg,XKPN,XKPN.jpg,1.0
raw_0473.jpg,PNN7,PNN7.jpg,0.9999
raw_0474.jpg,KRQX,KRQX.jpg,1.0
raw_0475.jpg,HFPR,HFPR.jpg,1.0
raw_0476.jpg,8CJE,8CJE.jpg,1.0
raw_0477.jpg,CXKE,CXKE.jpg,1.0
raw_0478.jpg,TPWP,TPWP.jpg,0.9912
raw_0479.jpg,RFY6,RFY6.jpg,1.0
raw_0480.jpg,HVHP,HVHP.jpg,1.0
raw_0481.jpg,GPWR,GPWR.jpg,1.0
raw_0482.jpg,DGJN,DGJN.jpg,1.0
raw_0483.jpg,UXNZ,UXNZ.jpg,1.0
raw_0484.jpg,ADNF,ADNF.jpg,1.0
raw_0485.jpg,R4ZV,R4ZV.jpg,0.9988
raw_0486.jpg,YXXJ,YXXJ.jpg,1.0
raw_0487.jpg,THNA,THNA.jpg,1.0
raw_0488.jpg,ZPT2,ZPT2.jpg,0.9984
raw_0489.jpg,CZGY,CZGY.jpg,1.0
raw_0490.jpg,DD73,DD73.jpg,1.0
raw_0491.jpg,3UW5,3UW5.jpg,0.9999
raw_0492.jpg,5KNR,5KNR.jpg,0.9997
raw_0493.jpg,UYK9,UYK9.jpg,1.0
raw_0494.jpg,RWDG,RWDG.jpg,0.9996
raw_0495.jpg,MXHQ,MXHQ.jpg,0.9997
raw_0496.jpg,8EXK,8EXK.jpg,1.0
raw_0497.jpg,XNFG,XNFG.jpg,1.0
raw_0498.jpg,ZGCS,ZGCS.jpg,1.0
raw_0499.jpg,F3BP,F3BP.jpg,1.0
raw_0500.jpg,AHFP,AHFP.jpg,1.0
raw_0501.jpg,ZVDK,ZVDK.jpg,1.0
raw_0502.jpg,8PDN,8PDN.jpg,1.0
raw_0503.jpg,NRNV,NRNV.jpg,1.0
raw_0504.jpg,KRVT,KRVT.jpg,1.0
raw_0505.jpg,KE5K,KE5K.jpg,1.0
raw_0506.jpg,UFHP,UFHP.jpg,1.0
raw_0507.jpg,P7ZU,P7ZU.jpg,1.0
raw_0508.jpg,KPTD,KPTD.jpg,1.0
raw_0509.jpg,SSYY,SSYY.jpg,1.0
raw_0510.jpg,WGFG,WGFG.jpg,1.0
raw_0511.jpg,C9ZA,C9ZA.jpg,0.9999
raw_0512.jpg,NTRK,NTRK.jpg,0.9887
raw_0513.jpg,S4HN,S4HN.jpg,1.0
raw_0514.jpg,G99U,G99U.jpg,1.0
raw_0515.jpg,NASM,NASM.jpg,0.9999
raw_0516.jpg,MDDW,MDDW.jpg,0.8558
raw_0517.jpg,RH5Q,RH5Q.jpg,1.0
raw_0518.jpg,BRPP,BRPP.jpg,1.0
raw_0519.jpg,N7YM,N7YM.jpg,1.0
raw_0520.jpg,FR2U,FR2U.jpg,1.0
raw_0521.jpg,PJPT,PJPT.jpg,1.0
raw_0522.jpg,NBW7,NBW7.jpg,1.0
raw_0523.jpg,EZMZ,EZMZ.jpg,0.9999
raw_0524.jpg,UR6Z,UR6Z.jpg,1.0
raw_0525.jpg,BDUE,BDUE.jpg,0.9999
raw_0526.jpg,MNPY,MNPY.jpg,0.9942
raw_0527.jpg,ECGR,ECGR.jpg,1.0
raw_0528.jpg,PQPR,PQPR.jpg,1.0
raw_0529.jpg,BFGK,BFGK.jpg,1.0
raw_0530.jpg,7QVP,7QVP.jpg,1.0
raw_0531.jpg,9QCM,9QCM.jpg,1.0
raw_0532.jpg,XPWE,XPWE.jpg,1.0
raw_0533.jpg,FKGM,FKGM.jpg,1.0
raw_0534.jpg,6ZPB,6ZPB.jpg,1.0
raw_0535.jpg,PCHS,PCHS.jpg,1.0
raw_0536.jpg,SXVU,SXVU.jpg,1.0
raw_0537.jpg,JMP9,JMP9.jpg,0.9996
raw_0538.jpg,SQST,SQST.jpg,1.0
raw_0539.jpg,E86X,E86X.jpg,1.0
raw_0540.jpg,FYB8,FYB8.jpg,1.0
raw_0541.jpg,YW66,YW66.jpg,0.8097
raw_0542.jpg,UCPQ,UCPQ.jpg,1.0
raw_0543.jpg,BAED,BAED.jpg,0.9999
raw_0544.jpg,WTNR,WTNR.jpg,1.0
raw_0545.jpg,EWCH,EWCH.jpg,1.0
raw_0546.jpg,ANZC,ANZC.jpg,1.0
raw_0547.jpg,QYTZ,QYTZ.jpg,1.0
raw_0548.jpg,BZMY,BZMY.jpg,1.0
raw_0549.jpg,S7U4,S7U4.jpg,1.0
raw_0550.jpg,GJ29,GJ29.jpg,1.0
raw_0551.jpg,8WWV,8WWV.jpg,0.9964
raw_0552.jpg,4S7B,4S7B.jpg,1.0
raw_0553.jpg,UQPH,UQPH.jpg,1.0
raw_0554.jpg,BAGQ,BAGQ.jpg,0.9997
raw_0555.jpg,J9EW,J9EW.jpg,1.0
raw_0556.jpg,E3UA,E3UA.jpg,1.0
raw_0557.jpg,M3MX,M3MX.jpg,0.9968
raw_0558.jpg,HTZF,HTZF.jpg,1.0
raw_0559.jpg,FUWM,FUWM.jpg,1.0
raw_0560.jpg,6HVX,6HVX.jpg,1.0
raw_0561.jpg,8YTZ,8YTZ.jpg,1.0
raw_0562.jpg,EMV6,EMV6.jpg,0.9906
raw_0563.jpg,ZZ4U,ZZ4U.jpg,1.0
raw_0564.jpg,GMCR,GMCR.jpg,0.9988
raw_0565.jpg,KPFS,KPFS.jpg,1.0
raw_0566.jpg,ZC74,ZC74.jpg,1.0
raw_0567.jpg,UA7A,UA7A.jpg,1.0
raw_0568.jpg,XUD7,XUD7.jpg,1.0
raw_0569.jpg,3MV2,3MV2.jpg,1.0
raw_0570.jpg,W9KZ,W9KZ.jpg,1.0
raw_0571.jpg,JSGE,JSGE.jpg,1.0
raw_0572.jpg,FGQH,FGQH.jpg,1.0
raw_0573.jpg,WWQ4,WWQ4.jpg,1.0
raw_0574.jpg,Z8X4,Z8X4.jpg,1.0
raw_0575.jpg,HKAX,HKAX.jpg,1.0
raw_0576.jpg,VVWK,VVWK.jpg,1.0
raw_0577.jpg,SQVZ,SQVZ.jpg,1.0
raw_0578.jpg,ZKUB,ZKUB.jpg,1.0
raw_0579.jpg,JQ5K,JQ5K.jpg,1.0
raw_0580.jpg,SY4N,SY4N.jpg,1.0
raw_0581.jpg,AVSA,AVSA.jpg,1.0
raw_0582.jpg,SEZH,SEZH.jpg,1.0
raw_0583.jpg,24PX,24PX.jpg,1.0
raw_0584.jpg,Y5PV,Y5PV.jpg,1.0
raw_0585.jpg,Y9A8,Y9A8.jpg,1.0
raw_0586.jpg,ZZE7,ZZE7.jpg,1.0
raw_0587.jpg,EC39,EC39.jpg,0.9997
raw_0588.jpg,E9KF,E9KF.jpg,1.0
raw_0589.jpg,QTAS,QTAS.jpg,0.9997
raw_0590.jpg,ZXQY,ZXQY.jpg,1.0
raw_0591.jpg,EWHK,EWHK.jpg,1.0
raw_0592.jpg,Q7PT,Q7PT.jpg,1.0
raw_0593.jpg,BNFZ,BNFZ.jpg,1.0
raw_0594.jpg,XFVF,XFVF.jpg,1.0
raw_0595.jpg,4UP7,4UP7.jpg,1.0
raw_0596.jpg,5KGN,5KGN.jpg,1.0
raw_0597.jpg,ANZX,ANZX.jpg,1.0
raw_0598.jpg,QQ8T,QQ8T.jpg,1.0
raw_0599.jpg,7TSK,7TSK.jpg,1.0
raw_0600.jpg,E4GE,E4GE.jpg,1.0
raw_0601.jpg,H93P,H93P.jpg,1.0
raw_0602.jpg,CW4Q,CW4Q.jpg,1.0
raw_0603.jpg,UKUV,UKUV.jpg,1.0
raw_0604.jpg,PAPU,PAPU.jpg,0.9999
raw_0605.jpg,PCGE,PCGE.jpg,1.0
raw_0606.jpg,WNFF,WNFF.jpg,1.0
raw_0607.jpg,BV6R,BV6R.jpg,1.0
raw_0608.jpg,XDP3,XDP3.jpg,1.0
raw_0609.jpg,V5NP,V5NP.jpg,1.0
raw_0610.jpg,D7QC,D7QC.jpg,0.9999
raw_0611.jpg,VHCZ,VHCZ.jpg,1.0
raw_0612.jpg,EAWE,EAWE.jpg,1.0
raw_0613.jpg,XCHE,XCHE.jpg,1.0
raw_0614.jpg,UXDC,UXDC.jpg,1.0
raw_0615.jpg,RAFS,RAFS.jpg,1.0
raw_0616.jpg,XNKV,XNKV.jpg,1.0
raw_0617.jpg,UY8Y,UY8Y.jpg,1.0
raw_0618.jpg,CMSU,CMSU.jpg,0.9988
raw_0619.jpg,XKDU,XKDU.jpg,1.0
raw_0620.jpg,HZQG,HZQG.jpg,1.0
raw_0621.jpg,SAVC,SAVC.jpg,1.0
raw_0622.jpg,YHE4,YHE4.jpg,1.0
raw_0623.jpg,S584,S584.jpg,1.0
raw_0624.jpg,ZGPG,ZGPG.jpg,1.0
raw_0625.jpg,VXRU,VXRU.jpg,1.0
raw_0626.jpg,XXBY,XXBY.jpg,1.0
raw_0627.jpg,WCHA,WCHA.jpg,1.0
raw_0628.jpg,RQ3R,RQ3R.jpg,1.0
raw_0629.jpg,ADPC,ADPC.jpg,1.0
raw_0630.jpg,DXPE,DXPE.jpg,0.9942
raw_0631.jpg,SHYJ,SHYJ.jpg,1.0
raw_0632.jpg,DKSZ,DKSZ.jpg,0.9967
raw_0633.jpg,ENEX,ENEX.jpg,1.0
raw_0634.jpg,YRH3,YRH3.jpg,1.0
raw_0635.jpg,GAVD,GAVD.jpg,0.9999
raw_0636.jpg,NYCH,NYCH.jpg,1.0
raw_0637.jpg,P443,P443.jpg,1.0
raw_0638.jpg,V2TD,V2TD.jpg,1.0
raw_0639.jpg,ERMV,ERMV.jpg,0.9999
raw_0640.jpg,A5HT,A5HT.jpg,1.0
raw_0641.jpg,X3GM,X3GM.jpg,1.0
raw_0642.jpg,FTMY,FTMY.jpg,1.0
raw_0643.jpg,29US,29US.jpg,1.0
raw_0644.jpg,9VPK,9VPK.jpg,1.0
raw_0645.jpg,HVEP,HVEP.jpg,1.0
raw_0646.jpg,WUFN,WUFN.jpg,1.0
raw_0647.jpg,KA3D,KA3D.jpg,1.0
raw_0648.jpg,EZDG,EZDG.jpg,1.0
raw_0649.jpg,BXCT,BXCT.jpg,1.0
raw_0650.jpg,6J2N,6J2N.jpg,1.0
raw_0651.jpg,9M4Y,9M4Y.jpg,0.9993
raw_0652.jpg,DKD3,DKD3.jpg,0.9997
raw_0653.jpg,XPMG,XPMG.jpg,0.9993
raw_0654.jpg,TDP8,TDP8.jpg,0.9999
raw_0655.jpg,GQ9N,GQ9N.jpg,1.0
raw_0656.jpg,GZ7E,GZ7E.jpg,0.9999
raw_0657.jpg,DSHC,DSHC.jpg,1.0
raw_0658.jpg,A24Q,A24Q.jpg,1.0
raw_0659.jpg,USCR,USCR.jpg,1.0
raw_0660.jpg,2A4K,2A4K.jpg,1.0
raw_0661.jpg,Z8Z2,Z8Z2.jpg,1.0
raw_0662.jpg,WJBJ,WJBJ.jpg,1.0
raw_0663.jpg,PDAP,PDAP.jpg,1.0
raw_0664.jpg,YXNM,YXNM.jpg,1.0
raw_0665.jpg,BUTN,BUTN.jpg,1.0
raw_0666.jpg,TGTM,TGTM.jpg,1.0
raw_0667.jpg,CTRC,CTRC.jpg,0.9998
raw_0668.jpg,WTGT,WTGT.jpg,1.0
raw_0669.jpg,G6YW,G6YW.jpg,1.0
raw_0670.jpg,RANY,RANY.jpg,0.9996
raw_0671.jpg,XBBY,XBBY.jpg,1.0
raw_0672.jpg,QKNW,QKNW.jpg,0.993
raw_0673.jpg,PTGQ,PTGQ.jpg,1.0
raw_0674.jpg,WHXD,WHXD.jpg,0.9996
raw_0675.jpg,WPAY,WPAY.jpg,0.9996
raw_0676.jpg,KRJH,KRJH.jpg,1.0
raw_0677.jpg,V7PS,V7PS.jpg,1.0
raw_0678.jpg,GCFH,GCFH.jpg,1.0
raw_0679.jpg,EPJE,EPJE.jpg,1.0
raw_0680.jpg,CRMS,CRMS.jpg,1.0
raw_0681.jpg,YNQU,YNQU.jpg,1.0
raw_0682.jpg,KU9P,KU9P.jpg,1.0
raw_0683.jpg,3MUW,3MUW.jpg,0.9998
raw_0684.jpg,SP9T,SP9T.jpg,1.0
raw_0685.jpg,FDQZ,FDQZ.jpg,1.0
raw_0686.jpg,UXVK,UXVK.jpg,1.0
raw_0687.jpg,5YZG,5YZG.jpg,1.0
raw_0688.jpg,64KA,64KA.jpg,1.0
raw_0689.jpg,F7BZ,F7BZ.jpg,1.0
raw_0690.jpg,SGHD,SGHD.jpg,1.0
raw_0691.jpg,54HM,54HM.jpg,1.0
raw_0692.jpg,RXK9,RXK9.jpg,0.9999
raw_0693.jpg,XXGV,XXGV.jpg,1.0
raw_0694.jpg,VP8F,VP8F.jpg,1.0
raw_0695.jpg,PBBH,PBBH.jpg,1.0
raw_0696.jpg,5NX4,5NX4.jpg,0.9999
raw_0697.jpg,8EGU,8EGU.jpg,1.0
raw_0698.jpg,MQVN,MQVN.jpg,0.9965
raw_0699.jpg,VPS2,VPS2.jpg,1.0
raw_0700.jpg,VXWW,VXWW.jpg,1.0
raw_0701.jpg,MMMN,MMMN.jpg,0.9834
raw_0702.jpg,A79V,A79V.jpg,1.0
raw_0703.jpg,QVCY,QVCY.jpg,1.0
raw_0704.jpg,8SHR,8SHR.jpg,1.0
raw_0705.jpg,UKDF,UKDF.jpg,1.0
raw_0706.jpg,BUTG,BUTG.jpg,1.0
raw_0707.jpg,K4DE,K4DE.jpg,1.0
raw_0708.jpg,HD4H,HD4H.jpg,1.0
raw_0709.jpg,F5VV,F5VV.jpg,1.0
raw_0710.jpg,5CFK,5CFK.jpg,1.0
raw_0711.jpg,NRAG,NRAG.jpg,1.0
raw_0712.jpg,QSFY,QSFY.jpg,0.9997
raw_0713.jpg,MFW5,MFW5.jpg,0.9958
raw_0714.jpg,NBGB,NBGB.jpg,1.0
raw_0715.jpg,RXAH,RXAH.jpg,1.0
raw_0716.jpg,ZBS2,ZBS2.jpg,1.0
raw_0717.jpg,9GZC,9GZC.jpg,1.0
raw_0718.jpg,PTHG,PTHG.jpg,1.0
raw_0719.jpg,BA3M,BA3M.jpg,0.9996
raw_0720.jpg,VX2V,VX2V.jpg,1.0
raw_0721.jpg,2ERH,2ERH.jpg,1.0
raw_0722.jpg,W52K,W52K.jpg,0.9836
raw_0723.jpg,KKXW,KKXW.jpg,1.0
raw_0724.jpg,7PBK,7PBK.jpg,0.9993
raw_0725.jpg,A7AD,A7AD.jpg,1.0
raw_0726.jpg,CNAC,CNAC.jpg,1.0
raw_0727.jpg,DBMZ,DBMZ.jpg,1.0
raw_0728.jpg,XZ45,XZ45.jpg,1.0
raw_0729.jpg,JKMD,JKMD.jpg,1.0
raw_0730.jpg,HDZK,HDZK.jpg,1.0
raw_0731.jpg,YSEM,YSEM.jpg,0.9999
raw_0732.jpg,PACV,PACV.jpg,1.0
raw_0733.jpg,VNNT,VNNT.jpg,1.0
raw_0734.jpg,UFUS,UFUS.jpg,1.0
raw_0735.jpg,XSNF,XSNF.jpg,1.0
raw_0736.jpg,MSF6,MSF6.jpg,0.4879
raw_0737.jpg,UBBS,UBBS.jpg,1.0
raw_0738.jpg,YH2T,YH2T.jpg,1.0
raw_0739.jpg,SYKM,SYKM.jpg,1.0
raw_0740.jpg,4SMK,4SMK.jpg,0.9995
raw_0741.jpg,53QP,53QP.jpg,1.0
raw_0742.jpg,W5KX,W5KX.jpg,1.0
raw_0743.jpg,MH36,MH36.jpg,0.9998
raw_0744.jpg,5GBV,5GBV.jpg,1.0
raw_0745.jpg,MYVV,MYVV.jpg,0.9981
raw_0746.jpg,P5NS,P5NS.jpg,1.0
raw_0747.jpg,ASWV,ASWV.jpg,1.0
raw_0748.jpg,P4XG,P4XG.jpg,1.0
raw_0749.jpg,TQX7,TQX7.jpg,1.0
raw_0750.jpg,UEYU,UEYU.jpg,1.0
raw_0751.jpg,3P48,3P48.jpg,1.0
raw_0752.jpg,KWTN,KWTN.jpg,1.0
raw_0753.jpg,U5MR,U5MR.jpg,1.0
raw_0754.jpg,SCZD,SCZD.jpg,1.0
raw_0755.jpg,EQ2A,EQ2A.jpg,1.0
raw_0756.jpg,EBGB,EBGB.jpg,1.0
raw_0757.jpg,RCQD,RCQD.jpg,0.9999
raw_0758.jpg,VBXR,VBXR.jpg,1.0
raw_0759.jpg,3CTZ,3CTZ.jpg,1.0
raw_0760.jpg,XFWX,XFWX.jpg,0.9999
raw_0761.jpg,ETX3,ETX3.jpg,1.0
raw_0762.jpg,G3DA,G3DA.jpg,1.0
raw_0763.jpg,3TB3,3TB3.jpg,1.0
raw_0764.jpg,MMRA,MMRA.jpg,0.9987
raw_0765.jpg,7VN4,7VN4.jpg,1.0
raw_0766.jpg,KZ4Q,KZ4Q.jpg,1.0
raw_0767.jpg,EYWM,EYWM.jpg,0.9998
raw_0768.jpg,FXFD,FXFD.jpg,0.9997
raw_0769.jpg,TS36,TS36.jpg,1.0
raw_0770.jpg,CSDZ,CSDZ.jpg,0.9994
raw_0771.jpg,2KEP,2KEP.jpg,1.0
raw_0772.jpg,KMRA,KMRA.jpg,0.9915
raw_0773.jpg,YNCW,YNCW.jpg,0.9999
raw_0774.jpg,VGX2,VGX2.jpg,1.0
raw_0775.jpg,WT7Q,WT7Q.jpg,1.0
raw_0776.jpg,MHDV,MHDV.jpg,0.9949
raw_0777.jpg,9H8C,9H8C.jpg,1.0
raw_0778.jpg,RTDC,RTDC.jpg,0.9995
raw_0779.jpg,XGDG,XGDG.jpg,1.0
raw_0780.jpg,P32B,P32B.jpg,1.0
raw_0781.jpg,VRAW,VRAW.jpg,1.0
raw_0782.jpg,ZTQB,ZTQB.jpg,1.0
raw_0783.jpg,UEX7,UEX7.jpg,1.0
raw_0784.jpg,4HWM,4HWM.jpg,1.0
raw_0785.jpg,MWHC,MWHC.jpg,0.9986
raw_0786.jpg,2JGR,2JGR.jpg,1.0
raw_0787.jpg,NKVN,NKVN.jpg,1.0
raw_0788.jpg,URH9,URH9.jpg,1.0
raw_0789.jpg,FESE,FESE.jpg,1.0
raw_0790.jpg,Z4JA,Z4JA.jpg,1.0
raw_0791.jpg,ZET4,ZET4.jpg,1.0
raw_0792.jpg,VSKN,VSKN.jpg,1.0
raw_0793.jpg,AXRU,AXRU.jpg,1.0
raw_0794.jpg,BDUF,BDUF.jpg,1.0
raw_0795.jpg,NSZB,NSZB.jpg,1.0
raw_0796.jpg,XFX5,XFX5.jpg,1.0
raw_0797.jpg,CSYU,CSYU.jpg,1.0
raw_0798.jpg,QT7M,QT7M.jpg,1.0
raw_0799.jpg,RQZ3,RQZ3.jpg,1.0
raw_0800.jpg,NCEC,NCEC.jpg,0.9995
raw_0801.jpg,R9FG,R9FG.jpg,0.9998
raw_0802.jpg,44VB,44VB.jpg,1.0
raw_0803.jpg,34F2,34F2.jpg,1.0
raw_0804.jpg,XTNX,XTNX.jpg,1.0
raw_0805.jpg,VJTT,VJTT.jpg,1.0
raw_0806.jpg,VKZ2,VKZ2.jpg,1.0
raw_0807.jpg,JEUP,JEUP.jpg,1.0
raw_0808.jpg,TRED,TRED.jpg,0.9998
raw_0809.jpg,NKYK,NKYK.jpg,1.0
raw_0810.jpg,PMKN,PMKN.jpg,0.9999
raw_0811.jpg,6APF,6APF.jpg,1.0
raw_0812.jpg,3FV4,3FV4.jpg,1.0
raw_0813.jpg,CKRV,CKRV.jpg,0.9995
raw_0814.jpg,WZHK,WZHK.jpg,1.0
raw_0815.jpg,9AVH,9AVH.jpg,1.0
raw_0816.jpg,QPEM,QPEM.jpg,1.0
raw_0817.jpg,72GT,72GT.jpg,1.0
raw_0818.jpg,DQ5G,DQ5G.jpg,1.0
raw_0819.jpg,SZAF,SZAF.jpg,1.0
raw_0820.jpg,YDNT,YDNT.jpg,1.0
raw_0821.jpg,VDNW,VDNW.jpg,1.0
raw_0822.jpg,9AEN,9AEN.jpg,1.0
raw_0823.jpg,CG4D,CG4D.jpg,0.9981
raw_0824.jpg,KSNN,KSNN.jpg,1.0
raw_0825.jpg,KSVG,KSVG.jpg,1.0
raw_0826.jpg,Z9UJ,Z9UJ.jpg,1.0
raw_0827.jpg,TERQ,TERQ.jpg,1.0
raw_0828.jpg,ZVYB,ZVYB.jpg,1.0
raw_0829.jpg,NB6N,NB6N.jpg,1.0
raw_0830.jpg,SVBD,SVBD.jpg,1.0
raw_0831.jpg,M6D3,M6D3.jpg,0.9916
raw_0832.jpg,GX7A,GX7A.jpg,1.0
raw_0833.jpg,BWWH,BWWH.jpg,1.0
raw_0834.jpg,SAWJ,SAWJ.jpg,1.0
raw_0835.jpg,JC97,JC97.jpg,1.0
raw_0836.jpg,ZPWV,ZPWV.jpg,0.9994
raw_0837.jpg,63DE,63DE.jpg,0.9998
raw_0838.jpg,9JJT,9JJT.jpg,1.0
raw_0839.jpg,UBGX,UBGX.jpg,1.0
raw_0840.jpg,RDE4,RDE4.jpg,1.0
raw_0841.jpg,2ZFV,2ZFV.jpg,1.0
raw_0842.jpg,FYDA,FYDA.jpg,1.0
raw_0843.jpg,AKFA,AKFA.jpg,1.0
raw_0844.jpg,MWQN,MWQN.jpg,0.9978
raw_0845.jpg,ZE3D,ZE3D.jpg,1.0
raw_0846.jpg,PBEE,PBEE.jpg,1.0
raw_0847.jpg,BRYQ,BRYQ.jpg,0.9992
raw_0848.jpg,2D2Q,2D2Q.jpg,1.0
raw_0849.jpg,TMS7,TMS7.jpg,0.9985
raw_0850.jpg,ANM2,ANM2.jpg,1.0
raw_0851.jpg,KCYU,KCYU.jpg,1.0
raw_0852.jpg,D4GK,D4GK.jpg,1.0
raw_0853.jpg,M47H,M47H.jpg,0.9979
raw_0854.jpg,BXWG,BXWG.jpg,0.9999
raw_0855.jpg,8MEU,8MEU.jpg,0.992
raw_0856.jpg,WE7Y,WE7Y.jpg,1.0
raw_0857.jpg,DCH8,DCH8.jpg,1.0
raw_0858.jpg,3ZYK,3ZYK.jpg,1.0
raw_0859.jpg,AJ3T,AJ3T.jpg,1.0
raw_0860.jpg,YB7M,YB7M.jpg,1.0
raw_0861.jpg,9YBY,9YBY.jpg,1.0
raw_0862.jpg,GUWA,GUWA.jpg,0.7001
raw_0863.jpg,ZVEX,ZVEX.jpg,1.0
raw_0864.jpg,XC3W,XC3W.jpg,0.9999
raw_0865.jpg,AQWU,AQWU.jpg,0.9999
raw_0866.jpg,T4D5,T4D5.jpg,1.0
raw_0867.jpg,G2N7,G2N7.jpg,1.0
raw_0868.jpg,DUTM,DUTM.jpg,0.9981
raw_0869.jpg,VSGQ,VSGQ.jpg,1.0
raw_0870.jpg,6GUY,6GUY.jpg,1.0
raw_0871.jpg,HARP,HARP.jpg,1.0
raw_0872.jpg,BRRA,BRRA.jpg,1.0
raw_0873.jpg,KXZ7,KXZ7.jpg,1.0
raw_0874.jpg,NTCS,NTCS.jpg,1.0
raw_0875.jpg,BZB4,BZB4.jpg,0.9999
raw_0876.jpg,K2J5,K2J5.jpg,1.0
raw_0877.jpg,PE7U,PE7U.jpg,1.0
raw_0878.jpg,56YH,56YH.jpg,1.0
raw_0879.jpg,8RZM,8RZM.jpg,1.0
raw_0880.jpg,PFNX,PFNX.jpg,1.0
raw_0881.jpg,VVA5,VVA5.jpg,1.0
raw_0882.jpg,C5WM,C5WM.jpg,1.0
raw_0883.jpg,YREC,YREC.jpg,1.0
raw_0884.jpg,EZEW,EZEW.jpg,1.0
raw_0885.jpg,AWJS,AWJS.jpg,1.0
raw_0886.jpg,8TJF,8TJF.jpg,1.0
raw_0887.jpg,UNKA,UNKA.jpg,1.0
raw_0888.jpg,KYKW,KYKW.jpg,1.0
raw_0889.jpg,QTWW,QTWW.jpg,1.0
raw_0890.jpg,SDTG,SDTG.jpg,0.9999
raw_0891.jpg,KTVQ,KTVQ.jpg,1.0
raw_0892.jpg,VB4U,VB4U.jpg,0.9999
raw_0893.jpg,3ZRZ,3ZRZ.jpg,0.9995
raw_0894.jpg,U8BD,U8BD.jpg,1.0
raw_0895.jpg,JKHH,JKHH.jpg,1.0
raw_0896.jpg,QAZ8,QAZ8.jpg,1.0
raw_0897.jpg,EWA8,EWA8.jpg,1.0
raw_0898.jpg,RDUU,RDUU.jpg,0.9999
raw_0899.jpg,NWCQ,NWCQ.jpg,1.0
raw_0900.jpg,GZ2H,GZ2H.jpg,1.0
raw_0901.jpg,KGHY,KGHY.jpg,1.0
raw_0902.jpg,BDZJ,BDZJ.jpg,1.0
raw_0903.jpg,7NEY,7NEY.jpg,1.0
raw_0904.jpg,K2XY,K2XY.jpg,1.0
raw_0905.jpg,ZDU2,ZDU2.jpg,1.0
raw_0906.jpg,HEHP,HEHP.jpg,1.0
raw_0907.jpg,MRNF,MRNF.jpg,0.9999
raw_0908.jpg,FEDD,FEDD.jpg,1.0
raw_0909.jpg,GDXA,GDXA.jpg,1.0
raw_0910.jpg,EQS9,EQS9.jpg,1.0
raw_0911.jpg,UQGG,UQGG.jpg,0.9996
raw_0912.jpg,J73A,J73A.jpg,1.0
raw_0913.jpg,XXZN,XXZN.jpg,1.0
raw_0914.jpg,MHPY,MHPY.jpg,0.9877
raw_0915.jpg,CAZY,CAZY.jpg,1.0
raw_0916.jpg,QZXS,QZXS.jpg,1.0
raw_0917.jpg,CRNN,CRNN.jpg,0.9995
raw_0918.jpg,PXAN,PXAN.jpg,1.0
raw_0919.jpg,ZSW9,ZSW9.jpg,1.0
raw_0920.jpg,STP7,STP7.jpg,1.0
raw_0921.jpg,4Y9G,4Y9G.jpg,1.0
raw_0922.jpg,3VN4,3VN4.jpg,0.9996
raw_0923.jpg,MVQG,MVQG.jpg,0.9983
raw_0924.jpg,C3UM,C3UM.jpg,1.0
raw_0925.jpg,VM8V,VM8V.jpg,1.0
raw_0926.jpg,BTVQ,BTVQ.jpg,1.0
raw_0927.jpg,UHQU,UHQU.jpg,1.0
raw_0928.jpg,V923,V923.jpg,1.0
raw_0929.jpg,H8QR,H8QR.jpg,0.9999
raw_0930.jpg,JT6W,JT6W.jpg,1.0
raw_0931.jpg,6TNT,6TNT.jpg,1.0
raw_0932.jpg,RDGB,RDGB.jpg,1.0
raw_0933.jpg,BEES,BEES.jpg,1.0
raw_0934.jpg,K7QD,K7QD.jpg,0.9999
raw_0935.jpg,PJNU,PJNU.jpg,1.0
raw_0936.jpg,EZKQ,EZKQ.jpg,1.0
raw_0937.jpg,XHRK,XHRK.jpg,1.0
raw_0938.jpg,AFG5,AFG5.jpg,1.0
raw_0939.jpg,AXFN,AXFN.jpg,1.0
raw_0940.jpg,EQMK,EQMK.jpg,1.0
raw_0941.jpg,RKB3,RKB3.jpg,1.0
raw_0942.jpg,FKNR,FKNR.jpg,1.0
raw_0943.jpg,VZCY,VZCY.jpg,1.0
raw_0944.jpg,SD4Z,SD4Z.jpg,0.9999
raw_0945.jpg,AT9Z,AT9Z.jpg,1.0
raw_0946.jpg,3F2F,3F2F.jpg,1.0
raw_0947.jpg,XGKV,XGKV.jpg,1.0
raw_0948.jpg,X8HZ,X8HZ.jpg,1.0
raw_0949.jpg,MTN8,MTN8.jpg,0.9974
raw_0950.jpg,SAUC,SAUC.jpg,1.0
raw_0951.jpg,GBSH,GBSH.jpg,1.0
raw_0952.jpg,EM54,EM54.jpg,0.9984
raw_0953.jpg,MRCV,MRCV.jpg,0.9896
raw_0954.jpg,5PBT,5PBT.jpg,1.0
raw_0955.jpg,QWGS,QWGS.jpg,1.0
raw_0956.jpg,UF3C,UF3C.jpg,1.0
raw_0957.jpg,MEU8,MEU8.jpg,0.9999
raw_0958.jpg,FXKR,FXKR.jpg,1.0
raw_0959.jpg,PFTQ,PFTQ.jpg,1.0
raw_0960.jpg,4FHF,4FHF.jpg,1.0
raw_0961.jpg,SMGY,SMGY.jpg,0.9999
raw_0962.jpg,3JBN,3JBN.jpg,1.0
raw_0963.jpg,4TUK,4TUK.jpg,1.0
raw_0964.jpg,MFAC,MFAC.jpg,0.9406
raw_0965.jpg,VBCH,VBCH.jpg,1.0
raw_0966.jpg,WNCB,WNCB.jpg,0.5599
raw_0967.jpg,CBDR,CBDR.jpg,0.8353
raw_0968.jpg,DYWX,DYWX.jpg,0.9999
raw_0969.jpg,XNAT,XNAT.jpg,0.9992
raw_0970.jpg,HJ2M,HJ2M.jpg,1.0
raw_0971.jpg,YTJG,YTJG.jpg,0.9994
raw_0972.jpg,8TDB,8TDB.jpg,1.0
raw_0973.jpg,SSHX,SSHX.jpg,1.0
raw_0974.jpg,KUXN,KUXN.jpg,1.0
raw_0975.jpg,Y9CC,Y9CC.jpg,1.0
raw_0976.jpg,P73M,P73M.jpg,1.0
raw_0977.jpg,U8NU,U8NU.jpg,1.0
raw_0978.jpg,TQ2K,TQ2K.jpg,1.0
raw_0979.jpg,FA45,FA45.jpg,1.0
raw_0980.jpg,YX8A,YX8A.jpg,1.0
raw_0981.jpg,EN5D,EN5D.jpg,1.0
raw_0982.jpg,JKPV,JKPV.jpg,1.0
raw_0983.jpg,NNKA,NNKA.jpg,0.9999
raw_0984.jpg,HR6E,HR6E.jpg,1.0
raw_0985.jpg,F9SB,F9SB.jpg,1.0
raw_0986.jpg,KNAJ,KNAJ.jpg,1.0
raw_0987.jpg,XEGN,XEGN.jpg,1.0
raw_0988.jpg,RWS4,RWS4.jpg,1.0
raw_0989.jpg,DEMS,DEMS.jpg,0.6429
raw_0990.jpg,CWDZ,CWDZ.jpg,1.0
raw_0991.jpg,4MUW,4MUW.jpg,0.9998
raw_0992.jpg,SX9P,SX9P.jpg,1.0
raw_0993.jpg,KVX3,KVX3.jpg,1.0
raw_0994.jpg,8NYK,8NYK.jpg,1.0
raw_0995.jpg,HFCG,HFCG.jpg,1.0
raw_0996.jpg,CBV9,CBV9.jpg,1.0
raw_0997.jpg,ACAK,ACAK.jpg,1.0
raw_0998.jpg,S4QR,S4QR.jpg,1.0
raw_0999.jpg,SG2F,SG2F.jpg,1.0
raw_1000.jpg,85TK,85TK.jpg,1.0
raw_1001.jpg,SPMD,SPMD.jpg,1.0
raw_1002.jpg,PP2K,PP2K.jpg,1.0
raw_1003.jpg,ZAW7,ZAW7.jpg,1.0
raw_1004.jpg,2CAD,2CAD.jpg,1.0
raw_1005.jpg,HZHD,HZHD.jpg,1.0
raw_1006.jpg,CAE9,CAE9.jpg,1.0
raw_1007.jpg,KBEG,KBEG.jpg,1.0
raw_1008.jpg,YQDH,YQDH.jpg,0.9993
raw_1009.jpg,CVZC,CVZC.jpg,0.9972
raw_1010.jpg,Q6JF,Q6JF.jpg,0.9999
raw_1011.jpg,Q2Q5,Q2Q5.jpg,1.0
raw_1012.jpg,PDSC,PDSC.jpg,0.9997
raw_1013.jpg,DK7U,DK7U.jpg,0.994
raw_1014.jpg,BTNR,BTNR.jpg,1.0
raw_1015.jpg,269V,269V.jpg,1.0
raw_1016.jpg,JR2D,JR2D.jpg,1.0
raw_1017.jpg,YF2F,YF2F.jpg,1.0
raw_1018.jpg,7C3M,7C3M.jpg,1.0
raw_1019.jpg,9HB6,9HB6.jpg,1.0
raw_1020.jpg,FTNC,FTNC.jpg,1.0
raw_1021.jpg,VKTG,VKTG.jpg,1.0
raw_1022.jpg,8PRA,8PRA.jpg,1.0
raw_1023.jpg,ZTCB,ZTCB.jpg,1.0
raw_1024.jpg,8ZZX,8ZZX.jpg,1.0
raw_1025.jpg,SMAC,SMAC.jpg,0.998
raw_1026.jpg,YPKD,YPKD.jpg,1.0
raw_1027.jpg,GP6Q,GP6Q.jpg,1.0
raw_1028.jpg,FYSQ,FYSQ.jpg,1.0
raw_1029.jpg,BEXA,BEXA.jpg,1.0
raw_1030.jpg,Y9M8,Y9M8.jpg,1.0
raw_1031.jpg,TPFF,TPFF.jpg,1.0
raw_1032.jpg,DSZS,DSZS.jpg,0.9997
raw_1033.jpg,ZEGE,ZEGE.jpg,1.0
raw_1034.jpg,YGCN,YGCN.jpg,1.0
raw_1035.jpg,NSKG,NSKG.jpg,0.9997
raw_1036.jpg,W3WB,W3WB.jpg,0.9937
raw_1037.jpg,BHFR,BHFR.jpg,1.0
raw_1038.jpg,BZSH,BZSH.jpg,1.0
raw_1039.jpg,FF8R,FF8R.jpg,0.9999
raw_1040.jpg,PWW6,PWW6.jpg,0.9978
raw_1041.jpg,GPTK,GPTK.jpg,0.9998
raw_1042.jpg,YFFB,YFFB.jpg,1.0
raw_1043.jpg,JWCH,JWCH.jpg,0.9998
raw_1044.jpg,YVMQ,YVMQ.jpg,1.0
raw_1045.jpg,H79G,H79G.jpg,1.0
raw_1046.jpg,WNSZ,WNSZ.jpg,0.9998
raw_1047.jpg,GVNP,GVNP.jpg,1.0
raw_1048.jpg,CVGH,CVGH.jpg,1.0
raw_1049.jpg,W99V,W99V.jpg,1.0
raw_1050.jpg,9KDC,9KDC.jpg,1.0
raw_1051.jpg,CQPE,CQPE.jpg,1.0
raw_1052.jpg,GEUX,GEUX.jpg,1.0
raw_1053.jpg,GQHK,GQHK.jpg,1.0
raw_1054.jpg,NQEW,NQEW.jpg,0.9999
raw_1055.jpg,CYUW,CYUW.jpg,1.0
raw_1056.jpg,8ZSH,8ZSH.jpg,1.0
raw_1057.jpg,UTT8,UTT8.jpg,1.0
raw_1058.jpg,JFHG,JFHG.jpg,1.0
raw_1059.jpg,WDD5,WDD5.jpg,0.9965
raw_1060.jpg,2UNB,2UNB.jpg,1.0
raw_1061.jpg,XAZG,XAZG.jpg,1.0
raw_1062.jpg,FKT7,FKT7.jpg,1.0
raw_1063.jpg,VD36,VD36.jpg,1.0
raw_1064.jpg,EYAN,EYAN.jpg,0.999
raw_1065.jpg,RWBF,RWBF.jpg,1.0
raw_1066.jpg,4MAZ,4MAZ.jpg,0.9999
raw_1067.jpg,TFKU,TFKU.jpg,1.0
raw_1068.jpg,GFFD,GFFD.jpg,1.0
raw_1069.jpg,HCKF,HCKF.jpg,1.0
raw_1070.jpg,FCVH,FCVH.jpg,1.0
raw_1071.jpg,6ZW7,6ZW7.jpg,0.9992
raw_1072.jpg,FWPT,FWPT.jpg,1.0
raw_1073.jpg,QXSD,QXSD.jpg,1.0
raw_1074.jpg,KFZ3,KFZ3.jpg,1.0
raw_1075.jpg,CVWU,CVWU.jpg,1.0
raw_1076.jpg,GXRJ,GXRJ.jpg,1.0
raw_1077.jpg,FXRU,FXRU.jpg,1.0
raw_1078.jpg,GRHC,GRHC.jpg,1.0
raw_1079.jpg,PXXZ,PXXZ.jpg,1.0
raw_1080.jpg,T8BN,T8BN.jpg,0.9994
raw_1081.jpg,S5S8,S5S8.jpg,1.0
raw_1082.jpg,P2PV,P2PV.jpg,0.9997
raw_1083.jpg,PFP3,PFP3.jpg,1.0
raw_1084.jpg,YWTA,YWTA.jpg,1.0
raw_1085.jpg,VS7Z,VS7Z.jpg,1.0
raw_1086.jpg,D8YT,D8YT.jpg,1.0
raw_1087.jpg,NJ3M,NJ3M.jpg,1.0
raw_1088.jpg,R28P,R28P.jpg,1.0
raw_1089.jpg,TTKB,TTKB.jpg,1.0
raw_1090.jpg,FXCW,FXCW.jpg,1.0
raw_1091.jpg,GPK9,GPK9.jpg,1.0
raw_1092.jpg,QTBZ,QTBZ.jpg,1.0
raw_1093.jpg,BAGP,BAGP.jpg,1.0
raw_1094.jpg,A3AD,A3AD.jpg,1.0
raw_1095.jpg,KQ43,KQ43.jpg,1.0
raw_1096.jpg,SGDE,SGDE.jpg,1.0
raw_1097.jpg,XGBE,XGBE.jpg,1.0
raw_1098.jpg,B8UT,B8UT.jpg,1.0
raw_1099.jpg,WKE3,WKE3.jpg,1.0
raw_1100.jpg,VKF4,VKF4.jpg,1.0
raw_1101.jpg,KQFS,KQFS.jpg,1.0
raw_1102.jpg,WAU5,WAU5.jpg,0.9996
raw_1103.jpg,7WCJ,7WCJ.jpg,0.9998
raw_1104.jpg,KYXF,KYXF.jpg,1.0
raw_1105.jpg,ZGDR,ZGDR.jpg,1.0
raw_1106.jpg,ATHH,ATHH.jpg,1.0
raw_1107.jpg,HCYB,HCYB.jpg,1.0
raw_1108.jpg,K98C,K98C.jpg,1.0
raw_1109.jpg,ZAEJ,ZAEJ.jpg,1.0
raw_1110.jpg,WQMQ,WQMQ.jpg,0.999
raw_1111.jpg,PW9K,PW9K.jpg,1.0
raw_1112.jpg,ZPVY,ZPVY.jpg,1.0
raw_1113.jpg,5AHV,5AHV.jpg,1.0
raw_1114.jpg,XET8,XET8.jpg,0.9997
raw_1115.jpg,WVVC,WVVC.jpg,1.0
raw_1116.jpg,WHZB,WHZB.jpg,0.9998
raw_1117.jpg,PMXF,PMXF.jpg,0.9952
raw_1118.jpg,8RZB,8RZB.jpg,1.0
raw_1119.jpg,2FWR,2FWR.jpg,1.0
raw_1120.jpg,Q8T8,Q8T8.jpg,1.0
raw_1121.jpg,GEAD,GEAD.jpg,1.0
raw_1122.jpg,K4KE,K4KE.jpg,1.0
raw_1123.jpg,P3ZE,P3ZE.jpg,1.0
raw_1124.jpg,N3SB,N3SB.jpg,0.9999
raw_1125.jpg,CYZU,CYZU.jpg,1.0
raw_1126.jpg,TXPV,TXPV.jpg,1.0
raw_1127.jpg,MWKF,MWKF.jpg,0.9997
raw_1128.jpg,R2WX,R2WX.jpg,1.0
raw_1129.jpg,R8VP,R8VP.jpg,1.0
raw_1130.jpg,DG5P,DG5P.jpg,1.0
raw_1131.jpg,KGGR,KGGR.jpg,1.0
raw_1132.jpg,5AH9,5AH9.jpg,1.0
raw_1133.jpg,KA6W,KA6W.jpg,1.0
raw_1134.jpg,EFWC,EFWC.jpg,0.9999
raw_1135.jpg,HE4J,HE4J.jpg,1.0
raw_1136.jpg,MTZC,MTZC.jpg,0.9984
raw_1137.jpg,E4ZC,E4ZC.jpg,1.0
raw_1138.jpg,HXXH,HXXH.jpg,1.0
raw_1139.jpg,VMG4,VMG4.jpg,0.9994
raw_1140.jpg,B83U,B83U.jpg,0.9995
raw_1141.jpg,UKA4,UKA4.jpg,1.0
raw_1142.jpg,D8YB,D8YB.jpg,1.0
raw_1143.jpg,M38F,M38F.jpg,0.9863
raw_1144.jpg,TZAS,TZAS.jpg,1.0
raw_1145.jpg,XSVR,XSVR.jpg,1.0
raw_1146.jpg,KB2P,KB2P.jpg,1.0
raw_1147.jpg,KPJ8,KPJ8.jpg,1.0
raw_1148.jpg,KCNK,KCNK.jpg,1.0
raw_1149.jpg,E5FV,E5FV.jpg,1.0
raw_1150.jpg,PW7Q,PW7Q.jpg,0.9999
raw_1151.jpg,YNDX,YNDX.jpg,1.0
raw_1152.jpg,EZFG,EZFG.jpg,1.0
raw_1153.jpg,8WHK,8WHK.jpg,1.0
raw_1154.jpg,HYQH,HYQH.jpg,1.0
raw_1155.jpg,GZDX,GZDX.jpg,0.9993
raw_1156.jpg,72U6,72U6.jpg,1.0
raw_1157.jpg,BFDR,BFDR.jpg,1.0
raw_1158.jpg,ZPS4,ZPS4.jpg,1.0
raw_1159.jpg,BUY3,BUY3.jpg,1.0
raw_1160.jpg,KV7D,KV7D.jpg,1.0
raw_1161.jpg,CFY2,CFY2.jpg,1.0
raw_1162.jpg,UWMF,UWMF.jpg,0.9992
raw_1163.jpg,7GB5,7GB5.jpg,1.0
raw_1164.jpg,GMPH,GMPH.jpg,1.0
raw_1165.jpg,VU7G,VU7G.jpg,1.0
raw_1166.jpg,RXU8,RXU8.jpg,1.0
raw_1167.jpg,F8KS,F8KS.jpg,1.0
raw_1168.jpg,CQUD,CQUD.jpg,0.9966
raw_1169.jpg,XRAN,XRAN.jpg,1.0
raw_1170.jpg,DQSN,DQSN.jpg,0.9998
raw_1171.jpg,9DRW,9DRW.jpg,1.0
raw_1172.jpg,PYWD,PYWD.jpg,1.0
raw_1173.jpg,UHNY,UHNY.jpg,1.0
raw_1174.jpg,S5XC,S5XC.jpg,1.0
raw_1175.jpg,UTGF,UTGF.jpg,1.0
raw_1176.jpg,MR56,MR56.jpg,0.9965
raw_1177.jpg,RJUZ,RJUZ.jpg,1.0
raw_1178.jpg,DAAN,DAAN.jpg,1.0
raw_1179.jpg,PGHF,PGHF.jpg,0.9999
raw_1180.jpg,GAWC,GAWC.jpg,1.0
raw_1181.jpg,EXSV,EXSV.jpg,1.0
raw_1182.jpg,CSXD,CSXD.jpg,1.0
raw_1183.jpg,XBUY,XBUY.jpg,1.0
raw_1184.jpg,RTZB,RTZB.jpg,1.0
raw_1185.jpg,SJXY,SJXY.jpg,1.0
raw_1186.jpg,U35P,U35P.jpg,1.0
raw_1187.jpg,AFTG,AFTG.jpg,1.0
raw_1188.jpg,FWTB,FWTB.jpg,1.0
raw_1189.jpg,RFBR,RFBR.jpg,1.0
raw_1190.jpg,KFA7,KFA7.jpg,1.0
raw_1191.jpg,HXP8,HXP8.jpg,1.0
raw_1192.jpg,KTVH,KTVH.jpg,1.0
raw_1193.jpg,DTBM,DTBM.jpg,0.9997
raw_1194.jpg,FH63,FH63.jpg,1.0
raw_1195.jpg,4SFB,4SFB.jpg,1.0
raw_1196.jpg,9XX3,9XX3.jpg,1.0
raw_1197.jpg,A3ES,A3ES.jpg,1.0
raw_1198.jpg,KGSY,KGSY.jpg,1.0
raw_1199.jpg,DBGY,DBGY.jpg,1.0
raw_1200.jpg,CRE9,CRE9.jpg,1.0
raw_1201.jpg,D3TY,D3TY.jpg,0.9994
raw_1202.jpg,KVSF,KVSF.jpg,1.0
raw_1203.jpg,FUUV,FUUV.jpg,1.0
raw_1204.jpg,MVUR,MVUR.jpg,0.995
raw_1205.jpg,SSSH,SSSH.jpg,0.9999
raw_1206.jpg,BHBV,BHBV.jpg,1.0
raw_1207.jpg,MFZA,MFZA.jpg,0.983
raw_1208.jpg,XBDM,XBDM.jpg,0.9998
raw_1209.jpg,HPJU,HPJU.jpg,1.0
raw_1210.jpg,VNM7,VNM7.jpg,0.8758
raw_1211.jpg,TKHM,TKHM.jpg,1.0
raw_1212.jpg,JFRG,JFRG.jpg,1.0
raw_1213.jpg,XCUV,XCUV.jpg,1.0
raw_1214.jpg,X9WG,X9WG.jpg,1.0
raw_1215.jpg,AZQM,AZQM.jpg,1.0
raw_1216.jpg,3CHH,3CHH.jpg,1.0
raw_1217.jpg,UGF5,UGF5.jpg,0.9999
raw_1218.jpg,QEKN,QEKN.jpg,1.0
raw_1219.jpg,E8SD,E8SD.jpg,1.0
raw_1220.jpg,KZBF,KZBF.jpg,1.0
raw_1221.jpg,JZBD,JZBD.jpg,1.0
raw_1222.jpg,UEPZ,UEPZ.jpg,1.0
raw_1223.jpg,KTAU,KTAU.jpg,1.0
raw_1224.jpg,8SCF,8SCF.jpg,1.0
raw_1225.jpg,WYGR,WYGR.jpg,1.0
raw_1226.jpg,WJ4K,WJ4K.jpg,1.0
raw_1227.jpg,EYGD,EYGD.jpg,1.0
raw_1228.jpg,D5KV,D5KV.jpg,0.9988
raw_1229.jpg,3DSD,3DSD.jpg,1.0
raw_1230.jpg,8ST8,8ST8.jpg,0.9999
raw_1231.jpg,2FQB,2FQB.jpg,1.0
raw_1232.jpg,CRUE,CRUE.jpg,0.9994
raw_1233.jpg,UA3N,UA3N.jpg,1.0
raw_1234.jpg,MSNP,MSNP.jpg,0.9853
raw_1235.jpg,MK8E,MK8E.jpg,0.9982
raw_1236.jpg,KBVA,KBVA.jpg,1.0
raw_1237.jpg,SHFN,SHFN.jpg,1.0
raw_1238.jpg,SP9A,SP9A.jpg,1.0
raw_1239.jpg,TXRG,TXRG.jpg,1.0
raw_1240.jpg,HJKP,HJKP.jpg,1.0
raw_1241.jpg,MEUE,MEUE.jpg,0.9629
raw_1242.jpg,TMG2,TMG2.jpg,0.9985
raw_1243.jpg,ZSFA,ZSFA.jpg,1.0
raw_1244.jpg,QEU7,QEU7.jpg,1.0
raw_1245.jpg,FFY8,FFY8.jpg,0.9999
raw_1246.jpg,JVU7,JVU7.jpg,1.0
raw_1247.jpg,RNTM,RNTM.jpg,1.0
raw_1248.jpg,QDUC,QDUC.jpg,1.0
raw_1249.jpg,SWDB,SWDB.jpg,0.9999
raw_1250.jpg,YSJQ,YSJQ.jpg,1.0
raw_1251.jpg,BPPS,BPPS.jpg,1.0
raw_1252.jpg,PAGV,PAGV.jpg,1.0
raw_1253.jpg,EDXQ,EDXQ.jpg,0.9999
raw_1254.jpg,F8WA,F8WA.jpg,1.0
raw_1255.jpg,XF2F,XF2F.jpg,1.0
raw_1256.jpg,NUMF,NUMF.jpg,0.9987
raw_1257.jpg,V8XS,V8XS.jpg,1.0
raw_1258.jpg,TCCR,TCCR.jpg,1.0
raw_1259.jpg,64AU,64AU.jpg,1.0
raw_1260.jpg,4JQY,4JQY.jpg,1.0
raw_1261.jpg,GYAG,GYAG.jpg,1.0
raw_1262.jpg,QUT4,QUT4.jpg,1.0
raw_1263.jpg,8VQN,8VQN.jpg,1.0
raw_1264.jpg,28TF,28TF.jpg,1.0
raw_1265.jpg,KPDN,KPDN.jpg,0.9999
raw_1266.jpg,8QUU,8QUU.jpg,1.0
raw_1267.jpg,SUCK,SUCK.jpg,1.0
raw_1268.jpg,XVS2,XVS2.jpg,1.0
raw_1269.jpg,PTRR,PTRR.jpg,1.0
raw_1270.jpg,CDS6,CDS6.jpg,1.0
raw_1271.jpg,4PSN,4PSN.jpg,1.0
raw_1272.jpg,DRBW,DRBW.jpg,0.9982
raw_1273.jpg,PXCR,PXCR.jpg,1.0
raw_1274.jpg,XTDU,XTDU.jpg,1.0
raw_1275.jpg,BAAN,BAAN.jpg,1.0
raw_1276.jpg,QU6X,QU6X.jpg,1.0
raw_1277.jpg,WH5U,WH5U.jpg,0.7113
raw_1278.jpg,D4ZS,D4ZS.jpg,0.9993
raw_1279.jpg,F8TQ,F8TQ.jpg,1.0
raw_1280.jpg,NXFC,NXFC.jpg,1.0
raw_1281.jpg,53NH,53NH.jpg,1.0
raw_1282.jpg,YRE2,YRE2.jpg,1.0
raw_1283.jpg,6QMF,6QMF.jpg,0.9999
raw_1284.jpg,27XD,27XD.jpg,1.0
raw_1285.jpg,EMGC,EMGC.jpg,0.999
raw_1286.jpg,UABE,UABE.jpg,0.9986
raw_1287.jpg,BWU5,BWU5.jpg,1.0
raw_1288.jpg,SM5Z,SM5Z.jpg,0.9999
raw_1289.jpg,VVHJ,VVHJ.jpg,1.0
raw_1290.jpg,UUE9,UUE9.jpg,1.0
raw_1291.jpg,FUWA,FUWA.jpg,1.0
raw_1292.jpg,BVAP,BVAP.jpg,1.0
raw_1293.jpg,AXKF,AXKF.jpg,1.0
raw_1294.jpg,FDZQ,FDZQ.jpg,1.0
raw_1295.jpg,4TYF,4TYF.jpg,1.0
raw_1296.jpg,HEWJ,HEWJ.jpg,1.0
raw_1297.jpg,8TER,8TER.jpg,1.0
raw_1298.jpg,WMNN,WMNN.jpg,0.9943
raw_1299.jpg,ARBR,ARBR.jpg,1.0
raw_1300.jpg,XYQA,XYQA.jpg,1.0
raw_1301.jpg,FTGG,FTGG.jpg,1.0
raw_1302.jpg,URZD,URZD.jpg,1.0
raw_1303.jpg,QPVZ,QPVZ.jpg,1.0
raw_1304.jpg,KB2T,KB2T.jpg,1.0
raw_1305.jpg,BZJA,BZJA.jpg,0.9999
raw_1306.jpg,QB6U,QB6U.jpg,1.0
raw_1307.jpg,QTNQ,QTNQ.jpg,1.0
raw_1308.jpg,KZQZ,KZQZ.jpg,1.0
raw_1309.jpg,QPTY,QPTY.jpg,1.0
raw_1310.jpg,DQKF,DQKF.jpg,0.9999
raw_1311.jpg,BNYS,BNYS.jpg,1.0
raw_1312.jpg,AAFK,AAFK.jpg,1.0
raw_1313.jpg,FENN,FENN.jpg,1.0
raw_1314.jpg,DC5R,DC5R.jpg,1.0
raw_1315.jpg,YJQW,YJQW.jpg,0.9999
raw_1316.jpg,KA5J,KA5J.jpg,1.0
raw_1317.jpg,DXEV,DXEV.jpg,1.0
raw_1318.jpg,NEAT,NEAT.jpg,0.9999
raw_1319.jpg,A4W5,A4W5.jpg,1.0
raw_1320.jpg,RHPH,RHPH.jpg,1.0
raw_1321.jpg,QBU2,QBU2.jpg,0.9998
raw_1322.jpg,D323,D323.jpg,0.9999
raw_1323.jpg,JQ9G,JQ9G.jpg,1.0
raw_1324.jpg,7AGY,7AGY.jpg,1.0
raw_1325.jpg,TTH5,TTH5.jpg,1.0
raw_1326.jpg,AE82,AE82.jpg,1.0
raw_1327.jpg,J6YH,J6YH.jpg,1.0
raw_1328.jpg,6PFT,6PFT.jpg,1.0
raw_1329.jpg,RNND,RNND.jpg,0.991
raw_1330.jpg,EEAW,EEAW.jpg,1.0
raw_1331.jpg,HAZZ,HAZZ.jpg,0.9999
raw_1332.jpg,SNHK,SNHK.jpg,1.0
raw_1333.jpg,Z6MX,Z6MX.jpg,0.9999
raw_1334.jpg,HPJD,HPJD.jpg,1.0
raw_1335.jpg,4XQY,4XQY.jpg,1.0
raw_1336.jpg,TVY5,TVY5.jpg,1.0
raw_1337.jpg,XRVT,XRVT.jpg,1.0
raw_1338.jpg,6KVY,6KVY.jpg,1.0
raw_1339.jpg,YABJ,YABJ.jpg,1.0
raw_1340.jpg,YX4N,YX4N.jpg,1.0
raw_1341.jpg,YUXT,YUXT.jpg,1.0
raw_1342.jpg,VK9T,VK9T.jpg,1.0
raw_1343.jpg,GSDA,GSDA.jpg,1.0
raw_1344.jpg,NTRN,NTRN.jpg,1.0
raw_1345.jpg,PC2G,PC2G.jpg,1.0
raw_1346.jpg,EXFK,EXFK.jpg,1.0
raw_1347.jpg,AA6H,AA6H.jpg,1.0
raw_1348.jpg,QSDQ,QSDQ.jpg,1.0
raw_1349.jpg,XGET,XGET.jpg,1.0
raw_1350.jpg,DHPU,DHPU.jpg,0.9998
raw_1351.jpg,B5U4,B5U4.jpg,1.0
raw_1352.jpg,GMGG,GMGG.jpg,0.9951
raw_1353.jpg,C9RW,C9RW.jpg,1.0
raw_1354.jpg,UHUG,UHUG.jpg,0.9983
raw_1355.jpg,QVFB,QVFB.jpg,0.9999
raw_1356.jpg,MDGQ,MDGQ.jpg,0.9994
raw_1357.jpg,GKRX,GKRX.jpg,1.0
raw_1358.jpg,ZWTS,ZWTS.jpg,1.0
raw_1359.jpg,XWXK,XWXK.jpg,1.0
raw_1360.jpg,FRGR,FRGR.jpg,1.0
raw_1361.jpg,DRWA,DRWA.jpg,0.7033
raw_1362.jpg,CXCS,CXCS.jpg,1.0
raw_1363.jpg,CJC3,CJC3.jpg,1.0
raw_1364.jpg,7KRD,7KRD.jpg,1.0
raw_1365.jpg,KYAD,KYAD.jpg,1.0
raw_1366.jpg,EEQG,EEQG.jpg,1.0
raw_1367.jpg,7HNQ,7HNQ.jpg,1.0
raw_1368.jpg,CFX3,CFX3.jpg,1.0
raw_1369.jpg,NAXA,NAXA.jpg,1.0
raw_1370.jpg,FG3J,FG3J.jpg,1.0
raw_1371.jpg,BV8A,BV8A.jpg,1.0
raw_1372.jpg,FPMV,FPMV.jpg,1.0
raw_1373.jpg,BEBA,BEBA.jpg,1.0
raw_1374.jpg,VHSF,VHSF.jpg,1.0
raw_1375.jpg,4YKK,4YKK.jpg,1.0
raw_1376.jpg,5AGD,5AGD.jpg,1.0
raw_1377.jpg,B86R,B86R.jpg,1.0
raw_1378.jpg,DKRR,DKRR.jpg,1.0
raw_1379.jpg,EBTS,EBTS.jpg,1.0
raw_1380.jpg,BHCD,BHCD.jpg,0.9999
raw_1381.jpg,PKAA,PKAA.jpg,1.0
raw_1382.jpg,ZURD,ZURD.jpg,0.9986
raw_1383.jpg,NN6E,NN6E.jpg,0.9996
raw_1384.jpg,FBQY,FBQY.jpg,1.0
raw_1385.jpg,VXCS,VXCS.jpg,1.0
raw_1386.jpg,HWH5,HWH5.jpg,1.0
raw_1387.jpg,X44S,X44S.jpg,1.0
raw_1388.jpg,NYEG,NYEG.jpg,1.0
raw_1389.jpg,N8DV,N8DV.jpg,1.0
raw_1390.jpg,7Y88,7Y88.jpg,1.0
raw_1391.jpg,HU9J,HU9J.jpg,1.0
raw_1392.jpg,4QMR,4QMR.jpg,1.0
raw_1393.jpg,CWCB,CWCB.jpg,0.9931
raw_1394.jpg,EMHX,EMHX.jpg,0.9978
raw_1395.jpg,JCWC,JCWC.jpg,1.0
raw_1396.jpg,JK4S,JK4S.jpg,1.0
raw_1397.jpg,4PB6,4PB6.jpg,1.0
raw_1398.jpg,XTPG,XTPG.jpg,1.0
raw_1399.jpg,V85D,V85D.jpg,1.0
raw_1400.jpg,A3N3,A3N3.jpg,1.0
raw_1401.jpg,UUDB,UUDB.jpg,1.0
raw_1402.jpg,5HKE,5HKE.jpg,1.0
raw_1403.jpg,RHXA,RHXA.jpg,1.0
raw_1404.jpg,W8DS,W8DS.jpg,1.0
raw_1405.jpg,22UA,22UA.jpg,1.0
raw_1406.jpg,Q2RY,Q2RY.jpg,1.0
raw_1407.jpg,ANT6,ANT6.jpg,1.0
raw_1408.jpg,6VDE,6VDE.jpg,1.0
raw_1409.jpg,3KBU,3KBU.jpg,1.0
raw_1410.jpg,TDEU,TDEU.jpg,1.0
raw_1411.jpg,J8XA,J8XA.jpg,1.0
raw_1412.jpg,6V5M,6V5M.jpg,1.0
raw_1413.jpg,4EDY,4EDY.jpg,1.0
raw_1414.jpg,GRPG,GRPG.jpg,1.0
raw_1415.jpg,AFUX,AFUX.jpg,1.0
raw_1416.jpg,VSRH,VSRH.jpg,1.0
raw_1417.jpg,KNM3,KNM3.jpg,1.0
raw_1418.jpg,U6QE,U6QE.jpg,1.0
raw_1419.jpg,X35P,X35P.jpg,1.0
raw_1420.jpg,ER9M,ER9M.jpg,1.0
raw_1421.jpg,N4ZZ,N4ZZ.jpg,0.9991
raw_1422.jpg,BVG8,BVG8.jpg,1.0
raw_1423.jpg,BDNW,BDNW.jpg,1.0
raw_1424.jpg,XQPC,XQPC.jpg,1.0
raw_1425.jpg,DDTS,DDTS.jpg,1.0
raw_1426.jpg,7GDT,7GDT.jpg,1.0
raw_1427.jpg,H7HG,H7HG.jpg,1.0
raw_1428.jpg,FBTY,FBTY.jpg,1.0
raw_1429.jpg,PQS7,PQS7.jpg,1.0
raw_1430.jpg,UNTH,UNTH.jpg,1.0
raw_1431.jpg,GZ5G,GZ5G.jpg,1.0
raw_1432.jpg,BHED,BHED.jpg,1.0
raw_1433.jpg,KRCC,KRCC.jpg,1.0
raw_1434.jpg,BPAT,BPAT.jpg,0.9999
raw_1435.jpg,MGKV,MGKV.jpg,0.9305
raw_1436.jpg,Z886,Z886.jpg,1.0
raw_1437.jpg,PCHH,PCHH.jpg,1.0
raw_1438.jpg,S9BN,S9BN.jpg,1.0
raw_1439.jpg,VYGF,VYGF.jpg,1.0
raw_1440.jpg,VSNR,VSNR.jpg,1.0
raw_1441.jpg,JC2B,JC2B.jpg,1.0
raw_1442.jpg,A7SA,A7SA.jpg,1.0
raw_1443.jpg,A5YY,A5YY.jpg,1.0
raw_1444.jpg,JYGE,JYGE.jpg,1.0
raw_1445.jpg,AERT,AERT.jpg,1.0
raw_1446.jpg,C64R,C64R.jpg,1.0
raw_1447.jpg,USXE,USXE.jpg,0.9999
raw_1448.jpg,KNMK,KNMK.jpg,1.0
raw_1449.jpg,PKQC,PKQC.jpg,1.0
raw_1450.jpg,CM7K,CM7K.jpg,0.9987
raw_1451.jpg,FTWT,FTWT.jpg,1.0
raw_1452.jpg,FKE5,FKE5.jpg,1.0
raw_1453.jpg,AHBY,AHBY.jpg,1.0
raw_1454.jpg,RUMM,RUMM.jpg,1.0
raw_1455.jpg,SHEW,SHEW.jpg,1.0
raw_1456.jpg,FNJB,FNJB.jpg,0.9967
raw_1457.jpg,KNYY,KNYY.jpg,1.0
raw_1458.jpg,HSC8,HSC8.jpg,1.0
raw_1459.jpg,VBNS,VBNS.jpg,1.0
raw_1460.jpg,XHD7,XHD7.jpg,1.0
raw_1461.jpg,AWHP,AWHP.jpg,1.0
raw_1462.jpg,BEW2,BEW2.jpg,1.0
raw_1463.jpg,NWZG,NWZG.jpg,0.9983
raw_1464.jpg,BPHE,BPHE.jpg,1.0
raw_1465.jpg,3GHH,3GHH.jpg,1.0
raw_1466.jpg,Q7BN,Q7BN.jpg,1.0
raw_1467.jpg,WDFT,WDFT.jpg,1.0
raw_1468.jpg,KZAT,KZAT.jpg,1.0
raw_1469.jpg,FVGU,FVGU.jpg,1.0
raw_1470.jpg,MARH,MARH.jpg,0.9981
raw_1471.jpg,MN8X,MN8X.jpg,0.9996
raw_1472.jpg,XDQF,XDQF.jpg,1.0
raw_1473.jpg,ZPHS,ZPHS.jpg,1.0
raw_1474.jpg,UNV6,UNV6.jpg,1.0
raw_1475.jpg,QTFC,QTFC.jpg,0.9971
raw_1476.jpg,78QV,78QV.jpg,1.0
raw_1477.jpg,VP52,VP52.jpg,1.0
raw_1478.jpg,GGJU,GGJU.jpg,1.0
raw_1479.jpg,THQK,THQK.jpg,1.0
raw_1480.jpg,5Z4P,5Z4P.jpg,1.0
raw_1481.jpg,GNJR,GNJR.jpg,1.0
raw_1482.jpg,XTQP,XTQP.jpg,1.0
raw_1483.jpg,QJMA,QJMA.jpg,0.724
raw_1484.jpg,RNWH,RNWH.jpg,1.0
raw_1485.jpg,ACKY,ACKY.jpg,0.9997
raw_1486.jpg,SRAR,SRAR.jpg,0.9956
raw_1487.jpg,SQXS,SQXS.jpg,1.0
raw_1488.jpg,TVHG,TVHG.jpg,1.0
raw_1489.jpg,GBXT,GBXT.jpg,1.0
raw_1490.jpg,MB9R,MB9R.jpg,0.9999
raw_1491.jpg,YS7Q,YS7Q.jpg,1.0
raw_1492.jpg,9NJ2,9NJ2.jpg,1.0
raw_1493.jpg,DVZK,DVZK.jpg,0.9997
raw_1494.jpg,AAFH,AAFH.jpg,1.0
raw_1495.jpg,AERN,AERN.jpg,1.0
raw_1496.jpg,JJDF,JJDF.jpg,1.0
raw_1497.jpg,4YCM,4YCM.jpg,1.0
raw_1498.jpg,GYBU,GYBU.jpg,1.0
raw_1499.jpg,GSJS,GSJS.jpg,1.0
